Workbook
Name CE_epoch1: Backprop_more_image!$AQ$27
Name CE_epoch2: Backprop_more_image!$AQ$55
Name CE_epoch3: Backprop_more_image!$AQ$83
Name CE_epoch4: Backprop_more_image!$AQ$113
Name Classes: 'Dataset-Tumor'!$CG$6:$CG$9
Name Samples: 'Dataset-Tumor'!$CH$6:$CH$9

Sheet Intro
A1: 201 | B1: 201 | C1: 201 | D1: 201 | E1: 201 | F1: 201 | G1: 201 | H1: 201 | I1: 201 | J1: 201 | K1: 201 | L1: 201 | M1: 200 | N1: 200 | O1: 202 | P1: 206 | Q1: 205 | R1: 204 | S1: 201 | T1: 200 | U1: 200 | V1: 200 | W1: 200 | X1: 200 | Y1: 200 | Z1: 200 | AA1: 200 | AB1: 200 | AC1: 200 | AD1: 200 | AE1: 200 | AF1: 200 | AG1: 157 | AH1: 176 | AI1: 153 | AJ1: 148 | AK1: 178 | AL1: 193 | AM1: 207 | AN1: 181 | AO1: 183 | AP1: 180 | AQ1: 182 | AR1: 155 | AS1: 132 | AT1: 173 | AU1: 193 | AV1: 182 | AW1: 161 | AX1: 164 | AY1: 188 | AZ1: 192 | BA1: 175 | BB1: 178 | BC1: 159 | BD1: 149 | BE1: 118 | BF1: 124 | BG1: 158 | BH1: 164 | BI1: 168 | BJ1: 203 | BK1: 197 | BL1: 170
A2: 201 | B2: 201 | C2: 201 | D2: 201 | E2: 201 | F2: 201 | G2: 201 | H2: 201 | I2: 201 | J2: 201 | K2: 201 | L2: 200 | M2: 199 | N2: 203 | O2: 190 | P2: 142 | Q2: 139 | R2: 169 | S2: 193 | T2: 203 | U2: 200 | V2: 200 | W2: 200 | X2: 200 | Y2: 200 | Z2: 200 | AA2: 200 | AB2: 200 | AC2: 200 | AD2: 200 | AE2: 200 | AF2: 200 | AG2: 158 | AH2: 144 | AI2: 130 | AJ2: 157 | AK2: 181 | AL2: 195 | AM2: 198 | AN2: 190 | AO2: 190 | AP2: 187 | AQ2: 188 | AR2: 184 | AS2: 163 | AT2: 174 | AU2: 200 | AV2: 192 | AW2: 171 | AX2: 168 | AY2: 187 | AZ2: 183 | BA2: 187 | BB2: 187 | BC2: 181 | BD2: 166 | BE2: 111 | BF2: 130 | BG2: 160 | BH2: 171 | BI2: 169 | BJ2: 188 | BK2: 193 | BL2: 191
A3: 201 | B3: 201 | C3: 201 | D3: 201 | E3: 201 | F3: 201 | G3: 201 | H3: 201 | I3: 201 | J3: 201 | K3: 201 | L3: 200 | M3: 194 | N3: 148 | O3: 64 | P3: 21 | Q3: 25 | R3: 49 | S3: 88 | T3: 184 | U3: 206 | V3: 200 | W3: 200 | X3: 200 | Y3: 200 | Z3: 200 | AA3: 200 | AB3: 200 | AC3: 200 | AD3: 200 | AE3: 200 | AF3: 200 | AG3: 144 | AH3: 124 | AI3: 164 | AJ3: 143 | AK3: 173 | AL3: 205 | AM3: 189 | AN3: 187 | AO3: 187 | AP3: 193 | AQ3: 196 | AR3: 196 | AS3: 189 | AT3: 193 | AU3: 196 | AV3: 198 | AW3: 185 | AX3: 178 | AY3: 187 | AZ3: 183 | BA3: 190 | BB3: 190 | BC3: 184 | BD3: 167 | BE3: 123 | BF3: 150 | BG3: 174 | BH3: 191 | BI3: 163 | BJ3: 169 | BK3: 184 | BL3: 196
A4: 201 | B4: 201 | C4: 201 | D4: 201 | E4: 201 | F4: 201 | G4: 201 | H4: 201 | I4: 201 | J4: 200 | K4: 163 | L4: 115 | M4: 101 | N4: 52 | O4: 26 | P4: 12 | Q4: 10 | R4: 14 | S4: 48 | T4: 76 | U4: 170 | V4: 206 | W4: 200 | X4: 200 | Y4: 200 | Z4: 201 | AA4: 201 | AB4: 200 | AC4: 200 | AD4: 200 | AE4: 200 | AF4: 200 | AG4: 113 | AH4: 172 | AI4: 175 | AJ4: 139 | AK4: 162 | AL4: 177 | AM4: 179 | AN4: 184 | AO4: 183 | AP4: 184 | AQ4: 188 | AR4: 193 | AS4: 196 | AT4: 202 | AU4: 201 | AV4: 195 | AW4: 172 | AX4: 148 | AY4: 175 | AZ4: 190 | BA4: 194 | BB4: 190 | BC4: 188 | BD4: 180 | BE4: 146 | BF4: 178 | BG4: 178 | BH4: 198 | BI4: 179 | BJ4: 178 | BK4: 184 | BL4: 181
A5: 201 | B5: 201 | C5: 201 | D5: 201 | E5: 201 | F5: 201 | G5: 201 | H5: 201 | I5: 203 | J5: 164 | K5: 76 | L5: 31 | M5: 17 | N5: 37 | O5: 44 | P5: 31 | Q5: 30 | R5: 8 | S5: 34 | T5: 24 | U5: 35 | V5: 147 | W5: 205 | X5: 200 | Y5: 201 | Z5: 201 | AA5: 201 | AB5: 201 | AC5: 200 | AD5: 200 | AE5: 200 | AF5: 200 | AG5: 159 | AH5: 182 | AI5: 185 | AJ5: 140 | AK5: 147 | AL5: 164 | AM5: 181 | AN5: 190 | AO5: 181 | AP5: 183 | AQ5: 185 | AR5: 194 | AS5: 206 | AT5: 211 | AU5: 205 | AV5: 189 | AW5: 169 | AX5: 113 | AY5: 175 | AZ5: 193 | BA5: 193 | BB5: 197 | BC5: 194 | BD5: 187 | BE5: 183 | BF5: 191 | BG5: 198 | BH5: 207 | BI5: 190 | BJ5: 196 | BK5: 204 | BL5: 200
A6: 201 | B6: 201 | C6: 201 | D6: 202 | E6: 201 | F6: 201 | G6: 201 | H6: 202 | I6: 199 | J6: 96 | K6: 47 | L6: 35 | M6: 76 | N6: 143 | O6: 131 | P6: 110 | Q6: 127 | R6: 96 | S6: 55 | T6: 27 | U6: 18 | V6: 58 | W6: 195 | X6: 202 | Y6: 201 | Z6: 201 | AA6: 201 | AB6: 201 | AC6: 201 | AD6: 200 | AE6: 200 | AF6: 200 | AG6: 156 | AH6: 189 | AI6: 187 | AJ6: 135 | AK6: 169 | AL6: 170 | AM6: 180 | AN6: 155 | AO6: 159 | AP6: 180 | AQ6: 185 | AR6: 206 | AS6: 210 | AT6: 207 | AU6: 203 | AV6: 185 | AW6: 166 | AX6: 153 | AY6: 155 | AZ6: 121 | BA6: 90 | BB6: 109 | BC6: 157 | BD6: 187 | BE6: 190 | BF6: 179 | BG6: 193 | BH6: 202 | BI6: 201 | BJ6: 203 | BK6: 191 | BL6: 199
A7: 202 | B7: 202 | C7: 202 | D7: 202 | E7: 201 | F7: 202 | G7: 202 | H7: 205 | I7: 170 | J7: 55 | K7: 40 | L7: 83 | M7: 171 | N7: 189 | O7: 188 | P7: 176 | Q7: 168 | R7: 160 | S7: 122 | T7: 35 | U7: 19 | V7: 27 | W7: 155 | X7: 205 | Y7: 201 | Z7: 201 | AA7: 201 | AB7: 201 | AC7: 201 | AD7: 200 | AE7: 200 | AF7: 200 | AG7: 150 | AH7: 184 | AI7: 191 | AJ7: 180 | AK7: 188 | AL7: 188 | AM7: 172 | AN7: 172 | AO7: 189 | AP7: 187 | AQ7: 199 | AR7: 213 | AS7: 208 | AT7: 204 | AU7: 198 | AV7: 120 | AW7: 74 | AX7: 63 | AY7: 55 | AZ7: 31 | BA7: 12 | BB7: 31 | BC7: 77 | BD7: 107 | BE7: 170 | BF7: 168 | BG7: 181 | BH7: 198 | BI7: 191 | BJ7: 207 | BK7: 188 | BL7: 182
A8: 202 | B8: 202 | C8: 202 | D8: 202 | E8: 202 | F8: 202 | G8: 201 | H8: 206 | I8: 151 | J8: 38 | K8: 61 | L8: 161 | M8: 195 | N8: 195 | O8: 193 | P8: 183 | Q8: 173 | R8: 162 | S8: 151 | T8: 89 | U8: 21 | V8: 16 | W8: 109 | X8: 207 | Y8: 201 | Z8: 201 | AA8: 201 | AB8: 201 | AC8: 201 | AD8: 200 | AE8: 201 | AF8: 200 | AG8: 151 | AH8: 164 | AI8: 172 | AJ8: 185 | AK8: 184 | AL8: 186 | AM8: 186 | AN8: 177 | AO8: 196 | AP8: 197 | AQ8: 217 | AR8: 205 | AS8: 208 | AT8: 183 | AU8: 98 | AV8: 47 | AW8: 34 | AX8: 15 | AY8: 16 | AZ8: 24 | BA8: 11 | BB8: 17 | BC8: 51 | BD8: 68 | BE8: 148 | BF8: 188 | BG8: 187 | BH8: 199 | BI8: 194 | BJ8: 197 | BK8: 187 | BL8: 189
A9: 201 | B9: 202 | C9: 202 | D9: 202 | E9: 202 | F9: 202 | G9: 201 | H9: 205 | I9: 164 | J9: 43 | K9: 134 | L9: 201 | M9: 200 | N9: 203 | O9: 198 | P9: 190 | Q9: 179 | R9: 165 | S9: 151 | T9: 136 | U9: 75 | V9: 18 | W9: 97 | X9: 207 | Y9: 201 | Z9: 201 | AA9: 201 | AB9: 201 | AC9: 201 | AD9: 201 | AE9: 201 | AF9: 200 | AG9: 143 | AH9: 130 | AI9: 166 | AJ9: 185 | AK9: 178 | AL9: 188 | AM9: 201 | AN9: 195 | AO9: 199 | AP9: 203 | AQ9: 214 | AR9: 207 | AS9: 189 | AT9: 103 | AU9: 54 | AV9: 41 | AW9: 25 | AX9: 9 | AY9: 8 | AZ9: 18 | BA9: 16 | BB9: 16 | BC9: 36 | BD9: 64 | BE9: 140 | BF9: 180 | BG9: 193 | BH9: 198 | BI9: 198 | BJ9: 189 | BK9: 187 | BL9: 193
A10: 202 | B10: 202 | C10: 202 | D10: 202 | E10: 202 | F10: 202 | G10: 201 | H10: 205 | I10: 169 | J10: 73 | K10: 182 | L10: 194 | M10: 184 | N10: 191 | O10: 196 | P10: 194 | Q10: 181 | R10: 154 | S10: 137 | T10: 133 | U10: 106 | V10: 33 | W10: 103 | X10: 207 | Y10: 201 | Z10: 201 | AA10: 201 | AB10: 201 | AC10: 201 | AD10: 201 | AE10: 201 | AF10: 201 | AG10: 164 | AH10: 172 | AI10: 188 | AJ10: 185 | AK10: 176 | AL10: 177 | AM10: 196 | AN10: 198 | AO10: 196 | AP10: 195 | AQ10: 191 | AR10: 212 | AS10: 139 | AT10: 56 | AU10: 40 | AV10: 31 | AW10: 56 | AX10: 80 | AY10: 73 | AZ10: 70 | BA10: 99 | BB10: 63 | BC10: 25 | BD10: 43 | BE10: 75 | BF10: 137 | BG10: 191 | BH10: 187 | BI10: 194 | BJ10: 192 | BK10: 185 | BL10: 186
A11: 201 | B11: 202 | C11: 202 | D11: 201 | E11: 202 | F11: 202 | G11: 202 | H11: 204 | I11: 180 | J11: 100 | K11: 187 | L11: 167 | M11: 155 | N11: 149 | O11: 174 | P11: 177 | Q11: 142 | R11: 121 | S11: 114 | T11: 105 | U11: 106 | V11: 48 | W11: 118 | X11: 207 | Y11: 201 | Z11: 201 | AA11: 201 | AB11: 201 | AC11: 201 | AD11: 201 | AE11: 201 | AF11: 201 | AG11: 190 | AH11: 182 | AI11: 176 | AJ11: 180 | AK11: 175 | AL11: 177 | AM11: 186 | AN11: 188 | AO11: 179 | AP11: 186 | AQ11: 195 | AR11: 182 | AS11: 71 | AT11: 52 | AU11: 49 | AV11: 106 | AW11: 180 | AX11: 194 | AY11: 187 | AZ11: 185 | BA11: 208 | BB11: 198 | BC11: 108 | BD11: 45 | BE11: 22 | BF11: 81 | BG11: 196 | BH11: 183 | BI11: 190 | BJ11: 190 | BK11: 192 | BL11: 192
A12: 202 | B12: 202 | C12: 202 | D12: 202 | E12: 202 | F12: 202 | G12: 202 | H12: 202 | I12: 195 | J12: 113 | K12: 165 | L12: 172 | M12: 134 | N12: 135 | O12: 157 | P12: 154 | Q12: 123 | R12: 139 | S12: 115 | T12: 109 | U12: 102 | V12: 48 | W12: 126 | X12: 207 | Y12: 201 | Z12: 201 | AA12: D | AB12: E | AC12: M | AD12: Y | AE12: S | AF12: T | AG12: I | AH12: F | AI12: Y | AJ12: I | AK12: N | AL12: G | AM12: 181 | AN12: 184 | AO12: 178 | AP12: 193 | AQ12: 198 | AR12: 182 | AS12: 64 | AT12: 55 | AU12: 152 | AV12: 211 | AW12: 214 | AX12: 206 | AY12: 204 | AZ12: 205 | BA12: 208 | BB12: 211 | BC12: 179 | BD12: 46 | BE12: 17 | BF12: 67 | BG12: 195 | BH12: 191 | BI12: 189 | BJ12: 189 | BK12: 189 | BL12: 196
A13: 202 | B13: 202 | C13: 202 | D13: 202 | E13: 202 | F13: 202 | G13: 202 | H13: 203 | I13: 189 | J13: 160 | K13: 183 | L13: 183 | M13: 188 | N13: 184 | O13: 180 | P13: 166 | Q13: 125 | R13: 171 | S13: 151 | T13: 134 | U13: 123 | V13: 73 | W13: 110 | X13: 194 | Y13: 202 | Z13: 201 | AA13: 201 | AB13: 201 | AC13: 201 | AD13: 201 | AE13: 201 | AF13: 201 | AG13: 176 | AH13: 184 | AI13: 171 | AJ13: 163 | AK13: 167 | AL13: 172 | AM13: 166 | AN13: 172 | AO13: 178 | AP13: 187 | AQ13: 198 | AR13: 170 | AS13: 36 | AT13: 117 | AU13: 221 | AV13: 220 | AW13: 220 | AX13: 213 | AY13: 211 | AZ13: 212 | BA13: 213 | BB13: 203 | BC13: 193 | BD13: 81 | BE13: 8 | BF13: 94 | BG13: 186 | BH13: 186 | BI13: 186 | BJ13: 182 | BK13: 188 | BL13: 187
A14: 202 | B14: 202 | C14: 202 | D14: 202 | E14: 202 | F14: 202 | G14: 202 | H14: 202 | I14: 193 | J14: 176 | K14: 194 | L14: 199 | M14: 193 | N14: 190 | O14: 201 | P14: 176 | Q14: 143 | R14: 172 | S14: 178 | T14: 160 | U14: 117 | V14: 82 | W14: 98 | X14: 189 | Y14: 203 | Z14: 201 | AA14: 201 | AB14: 201 | AC14: 201 | AG14: 179 | AK14: 150 | AL14: 142 | AM14: 151 | AN14: 151 | AO14: 161 | AP14: 172 | AQ14: 192 | AR14: 125 | AS14: 27 | AT14: 174 | AU14: 204 | AV14: 182 | AW14: 152 | AX14: 158 | AY14: 176 | AZ14: 181 | BA14: 178 | BB14: 190 | BC14: 196 | BD14: 133 | BE14: 11 | BF14: 119 | BG14: 187 | BH14: 183 | BI14: 182 | BJ14: 183 | BK14: 188 | BL14: 177
A15: 202 | B15: 202 | C15: 202 | D15: 202 | E15: 202 | F15: 202 | G15: 202 | H15: 202 | I15: 201 | J15: 188 | K15: 195 | L15: 207 | M15: 190 | N15: 178 | O15: 191 | P15: 159 | Q15: 127 | R15: 166 | S15: 181 | T15: 151 | U15: 110 | V15: 81 | W15: 121 | X15: 203 | Y15: 201 | Z15: 201 | AA15: 201 | AB15: 201 | AC15: 201 | AE15: 201 | AG15: 179 | AH15: 157 | AJ15: 149 | AK15: 149 | AL15: 123 | AM15: 148 | AN15: 168 | AO15: 161 | AP15: 177 | AQ15: 198 | AR15: 115 | AS15: 107 | AT15: 183 | AU15: 100 | AV15: 102 | AW15: 80 | AX15: 81 | AY15: 129 | AZ15: 108 | BA15: 87 | BB15: 116 | BC15: 150 | BD15: 154 | BE15: 27 | BF15: 116 | BG15: 189 | BH15: 181 | BI15: 186 | BJ15: 182 | BK15: 186 | BL15: 178
A16: 202 | B16: 202 | C16: 202 | D16: 202 | E16: 202 | F16: 202 | G16: 202 | H16: 202 | I16: 201 | J16: 197 | K16: 195 | L16: 195 | M16: 172 | N16: 184 | O16: 172 | P16: 127 | Q16: 114 | R16: 148 | S16: 160 | T16: 134 | U16: 108 | V16: 99 | W16: 175 | X16: 204 | Y16: 201 | Z16: 201 | AA16: 201 | AB16: 201 | AE16: 201 | AG16: 171 | AH16: 164 | AJ16: 165 | AK16: 135 | AL16: 125 | AM16: 151 | AN16: 174 | AO16: 165 | AP16: 184 | AQ16: 197 | AR16: 162 | AS16: 148 | AT16: 211 | AU16: 164 | AV16: 136 | AW16: 121 | AX16: 139 | AY16: 137 | AZ16: 104 | BA16: 92 | BB16: 83 | BC16: 100 | BD16: 104 | BE16: 47 | BF16: 87 | BG16: 183 | BH16: 176 | BI16: 182 | BJ16: 186 | BK16: 193 | BL16: 185
A17: 202 | B17: 202 | C17: 202 | D17: 202 | E17: 202 | F17: 202 | G17: 202 | H17: 202 | I17: 202 | J17: 199 | K17: 193 | L17: 195 | M17: 171 | N17: 151 | O17: 160 | P17: 147 | Q17: 114 | R17: 120 | S17: 150 | T17: 128 | U17: 113 | V17: 174 | W17: 202 | X17: 201 | Y17: 201 | Z17: 201 | AA17: 201 | AB17: 201 | AD17: 201 | AE17: 201 | AG17: 176 | AH17: 164 | AJ17: 148 | AK17: 113 | AL17: 134 | AM17: 123 | AN17: 158 | AO17: 170 | AP17: 177 | AQ17: 187 | AR17: 176 | AS17: 185 | AT17: 226 | AU17: 200 | AV17: 188 | AW17: 178 | AX17: 182 | AY17: 214 | AZ17: 170 | BA17: 162 | BB17: 155 | BC17: 160 | BD17: 158 | BE17: 88 | BF17: 144 | BG17: 189 | BH17: 178 | BI17: 179 | BJ17: 188 | BK17: 191 | BL17: 192
A18: 202 | B18: 202 | C18: 202 | D18: 202 | E18: 202 | F18: 202 | G18: 202 | H18: 202 | I18: 202 | J18: 202 | K18: 192 | L18: 191 | M18: 176 | N18: 160 | O18: 168 | P18: 162 | Q18: 117 | R18: 126 | S18: 150 | T18: 119 | U18: 131 | V18: 204 | W18: 201 | X18: 201 | Y18: 201 | Z18: 201 | AA18: 201 | AG18: 162 | AH18: 159 | AJ18: 134 | AK18: 104 | AL18: 122 | AM18: 161 | AN18: 168 | AO18: 177 | AP18: 170 | AQ18: 178 | AR18: 164 | AS18: 180 | AT18: 214 | AU18: 192 | AV18: 120 | AW18: 125 | AX18: 151 | AY18: 172 | AZ18: 153 | BA18: 130 | BB18: 148 | BC18: 177 | BD18: 188 | BE18: 131 | BF18: 174 | BG18: 185 | BH18: 174 | BI18: 173 | BJ18: 173 | BK18: 190 | BL18: 185
A19: 202 | B19: 202 | C19: 202 | D19: 202 | E19: 202 | F19: 202 | G19: 202 | H19: 202 | I19: 202 | J19: 202 | K19: 195 | L19: 176 | M19: 183 | N19: 194 | O19: 173 | P19: 148 | Q19: 141 | R19: 147 | S19: 127 | T19: 98 | U19: 166 | V19: 204 | W19: 201 | X19: 201 | Y19: 201 | Z19: 201 | AA19: 201 | AC19: 201 | AD19: 201 | AE19: 201 | AG19: 152 | AH19: 160 | AJ19: 119 | AK19: 145 | AL19: 161 | AM19: 177 | AN19: 170 | AO19: 145 | AP19: 158 | AQ19: 165 | AR19: 153 | AS19: 122 | AT19: 159 | AU19: 138 | AV19: 68 | AW19: 116 | AX19: 84 | AY19: 69 | AZ19: 66 | BA19: 122 | BB19: 117 | BC19: 161 | BD19: 172 | BE19: 141 | BF19: 168 | BG19: 174 | BH19: 180 | BI19: 175 | BJ19: 176 | BK19: 179 | BL19: 160
A20: 202 | B20: 202 | C20: 202 | D20: 202 | E20: 202 | F20: 202 | G20: 202 | H20: 202 | I20: 202 | J20: 201 | K20: 203 | L20: 182 | M20: 163 | N20: 188 | O20: 186 | P20: 174 | Q20: 159 | R20: 127 | S20: 91 | T20: 88 | U20: 186 | V20: 204 | W20: 201 | X20: 201 | Y20: 201 | Z20: 201 | AA20: 201 | AC20: 201 | AD20: 201 | AE20: 201 | AG20: 164 | AH20: 167 | AJ20: 111 | AK20: 121 | AL20: 168 | AM20: 161 | AN20: 162 | AO20: 148 | AP20: 161 | AQ20: 169 | AR20: 157 | AS20: 77 | AT20: 77 | AU20: 128 | AV20: 53 | AW20: 101 | AX20: 152 | AY20: 144 | AZ20: 100 | BA20: 55 | BB20: 62 | BC20: 137 | BD20: 121 | BE20: 109 | BF20: 169 | BG20: 166 | BH20: 175 | BI20: 180 | BJ20: 170 | BK20: 165 | BL20: 155
A21: 202 | B21: 202 | C21: 202 | D21: 202 | E21: 202 | F21: 202 | G21: 202 | H21: 202 | I21: 202 | J21: 202 | K21: 202 | L21: 197 | M21: 162 | N21: 147 | O21: 135 | P21: 129 | Q21: 117 | R21: 91 | S21: 82 | T21: 84 | U21: 97 | V21: 189 | W21: 203 | X21: 201 | Y21: 201 | Z21: 201 | AC21: 201 | AD21: 201 | AG21: 151 | AK21: 160 | AL21: 147 | AM21: 158 | AN21: 155 | AO21: 165 | AP21: 165 | AQ21: 171 | AR21: 163 | AS21: 81 | AT21: 42 | AU21: 74 | AV21: 131 | AW21: 201 | AX21: 184 | AY21: 191 | AZ21: 167 | BA21: 117 | BB21: 85 | BC21: 100 | BD21: 50 | BE21: 105 | BF21: 160 | BG21: 174 | BH21: 173 | BI21: 175 | BJ21: 158 | BK21: 159 | BL21: 165
A22: 202 | B22: 202 | C22: 202 | D22: 202 | E22: 202 | F22: 202 | G22: 202 | H22: 202 | I22: 202 | J22: 202 | K22: 203 | L22: 185 | M22: 180 | N22: 168 | O22: 139 | P22: 121 | Q22: 109 | R22: 97 | S22: 94 | T22: 94 | U22: 41 | V22: 140 | W22: 205 | X22: 201 | Y22: 201 | Z22: 201 | AA22: 201 | AB22: 201 | AC22: 201 | AD22: 201 | AE22: 200 | AF22: 201 | AG22: 125 | AH22: 92 | AI22: 118 | AJ22: 143 | AK22: 161 | AL22: 160 | AM22: 169 | AN22: 153 | AO22: 160 | AP22: 166 | AQ22: 170 | AR22: 147 | AS22: 78 | AT22: 40 | AU22: 39 | AV22: 134 | AW22: 195 | AX22: 127 | AY22: 101 | AZ22: 151 | BA22: 187 | BB22: 81 | BC22: 22 | BD22: 43 | BE22: 146 | BF22: 144 | BG22: 174 | BH22: 176 | BI22: 164 | BJ22: 154 | BK22: 154 | BL22: 159
A23: 202 | B23: 202 | C23: 202 | D23: 202 | E23: 202 | F23: 202 | G23: 202 | H23: 202 | I23: 202 | J23: 202 | K23: 205 | L23: 141 | M23: 180 | N23: 193 | O23: 190 | P23: 159 | Q23: 123 | R23: 113 | S23: 110 | T23: 94 | U23: 68 | V23: 93 | W23: 198 | X23: 202 | Y23: 201 | Z23: 201 | AA23: 201 | AB23: B | AC23: L | AD23: A | AE23: C | AF23: K | AG23: B | AH23: O | AI23: X | AJ23: 142 | AK23: 135 | AL23: 151 | AM23: 159 | AN23: 152 | AO23: 153 | AP23: 157 | AQ23: 153 | AR23: 83 | AS23: 85 | AT23: 109 | AU23: 27 | AV23: 68 | AW23: 156 | AX23: 148 | AY23: 147 | AZ23: 176 | BA23: 128 | BB23: 27 | BC23: 17 | BD23: 117 | BE23: 145 | BF23: 158 | BG23: 172 | BH23: 167 | BI23: 152 | BJ23: 153 | BK23: 138 | BL23: 86
A24: 202 | B24: 202 | C24: 202 | D24: 202 | E24: 202 | F24: 202 | G24: 202 | H24: 202 | I24: 203 | J24: 200 | K24: 186 | L24: 146 | M24: 168 | N24: 193 | O24: 193 | P24: 152 | Q24: 128 | R24: 125 | S24: 114 | T24: 87 | U24: 74 | V24: 77 | W24: 172 | X24: 205 | Y24: 202 | Z24: 201 | AA24: 201 | AB24: 201 | AC24: 201 | AD24: 201 | AE24: 201 | AF24: 201 | AG24: 67 | AH24: 77 | AI24: 124 | AJ24: 149 | AK24: 138 | AL24: 138 | AM24: 156 | AN24: 159 | AO24: 133 | AP24: 102 | AQ24: 103 | AR24: 46 | AS24: 67 | AT24: 174 | AU24: 63 | AV24: 24 | AW24: 33 | AX24: 47 | AY24: 55 | AZ24: 56 | BA24: 21 | BB24: 11 | BC24: 87 | BD24: 135 | BE24: 129 | BF24: 142 | BG24: 137 | BH24: 143 | BI24: 142 | BJ24: 145 | BK24: 92 | BL24: 55
A25: 202 | B25: 202 | C25: 202 | D25: 202 | E25: 203 | F25: 201 | G25: 197 | H25: 204 | I25: 187 | J25: 151 | K25: 148 | L25: 155 | M25: 149 | N25: 171 | O25: 180 | P25: 157 | Q25: 141 | R25: 127 | S25: 92 | T25: 76 | U25: 76 | V25: 76 | W25: 106 | X25: 162 | Y25: 197 | Z25: 203 | AA25: 201 | AB25: 201 | AC25: 201 | AD25: 201 | AE25: 201 | AF25: 201 | AG25: 128 | AH25: 105 | AI25: 135 | AJ25: 149 | AK25: 140 | AL25: 154 | AM25: 152 | AN25: 140 | AO25: 75 | AP25: 106 | AQ25: 97 | AR25: 50 | AS25: 23 | AT25: 135 | AU25: 146 | AV25: 36 | AW25: 6 | AX25: 7 | AY25: 16 | AZ25: 11 | BA25: 9 | BB25: 70 | BC25: 111 | BD25: 147 | BE25: 142 | BF25: 144 | BG25: 127 | BH25: 142 | BI25: 137 | BJ25: 128 | BK25: 65 | BL25: 62
A26: 202 | B26: 202 | C26: 202 | D26: 203 | E26: 195 | F26: 168 | G26: 155 | H26: 172 | I26: 146 | J26: 141 | K26: 146 | L26: 151 | M26: 151 | N26: 132 | O26: 142 | P26: 145 | Q26: 127 | R26: 85 | S26: 77 | T26: 78 | U26: 81 | V26: 96 | W26: 108 | X26: 115 | Y26: 156 | Z26: 191 | AA26: 202 | AB26: 202 | AC26: 201 | AD26: 201 | AE26: 200 | AF26: 200 | AG26: 194 | AH26: 137 | AI26: 169 | AJ26: 172 | AK26: 161 | AL26: 146 | AM26: 129 | AN26: 103 | AO26: 83 | AP26: 109 | AQ26: 90 | AR26: 83 | AS26: 35 | AT26: 40 | AU26: 147 | AV26: 115 | AW26: 51 | AX26: 27 | AY26: 27 | AZ26: 39 | BA26: 73 | BB26: 89 | BC26: 36 | BD26: 104 | BE26: 158 | BF26: 138 | BG26: 145 | BH26: 111 | BI26: 81 | BJ26: 80 | BK26: 44 | BL26: 71
A27: 202 | B27: 203 | C27: 203 | D27: 184 | E27: 147 | F27: 142 | G27: 145 | H27: 150 | I27: 141 | J27: 147 | K27: 140 | L27: 146 | M27: 150 | N27: 95 | O27: 120 | P27: 71 | Q27: 78 | R27: 69 | S27: 82 | T27: 89 | U27: 104 | V27: 118 | W27: 117 | X27: 119 | Y27: 124 | Z27: 128 | AA27: 146 | AB27: 190 | AC27: 203 | AD27: 201 | AE27: 200 | AF27: 200 | AG27: 206 | AH27: 179 | AI27: 161 | AJ27: 142 | AK27: 122 | AL27: 111 | AM27: 89 | AN27: 89 | AO27: 94 | AP27: 111 | AQ27: 94 | AR27: 87 | AS27: 76 | AT27: 34 | AU27: 48 | AV27: 88 | AW27: 88 | AX27: 71 | AY27: 68 | AZ27: 79 | BA27: 75 | BB27: 37 | BC27: 16 | BD27: 47 | BE27: 89 | BF27: 133 | BG27: 111 | BH27: 83 | BI27: 94 | BJ27: 85 | BK27: 37 | BL27: 61
A28: 202 | B28: 195 | C28: 178 | D28: 143 | E28: 137 | F28: 141 | G28: 144 | H28: 152 | I28: 146 | J28: 138 | K28: 139 | L28: 143 | M28: 166 | N28: 69 | O28: 78 | P28: 79 | Q28: 84 | R28: 97 | S28: 106 | T28: 112 | U28: 124 | V28: 125 | W28: 120 | X28: 116 | Y28: 120 | Z28: 123 | AA28: 119 | AB28: 132 | AC28: 159 | AD28: 197 | AE28: 202 | AF28: 200 | AG28: 158 | AH28: 144 | AI28: 130 | AJ28: 105 | AK28: 91 | AL28: 86 | AM28: 95 | AN28: 86 | AO28: 104 | AP28: 106 | AQ28: 100 | AR28: 88 | AS28: 87 | AT28: 68 | AU28: 59 | AV28: 65 | AW28: 59 | AX28: 57 | AY28: 55 | AZ28: 48 | BA28: 41 | BB28: 47 | BC28: 53 | BD28: 64 | BE28: 66 | BF28: 76 | BG28: 102 | BH28: 101 | BI28: 70 | BJ28: 58 | BK28: 54 | BL28: 38
A29: 192 | B29: 164 | C29: 148 | D29: 127 | E29: 137 | F29: 137 | G29: 141 | H29: 152 | I29: 142 | J29: 135 | K29: 143 | L29: 141 | M29: 131 | N29: 103 | O29: 120 | P29: 120 | Q29: 109 | R29: 124 | S29: 119 | T29: 123 | U29: 127 | V29: 126 | W29: 119 | X29: 116 | Y29: 126 | Z29: 126 | AA29: 124 | AB29: 124 | AC29: 124 | AD29: 136 | AE29: 193 | AF29: 204 | AG29: 123 | AH29: 114 | AI29: 109 | AJ29: 91 | AK29: 84 | AL29: 72 | AM29: 103 | AN29: 87 | AO29: 107 | AP29: 105 | AQ29: 100 | AR29: 86 | AS29: 92 | AT29: 77 | AU29: 81 | AV29: 96 | AW29: 75 | AX29: 54 | AY29: 55 | AZ29: 57 | BA29: 61 | BB29: 60 | BC29: 78 | BD29: 55 | BE29: 67 | BF29: 69 | BG29: 66 | BH29: 89 | BI29: 50 | BJ29: 32 | BK29: 57 | BL29: 32
A30: 168 | B30: 148 | C30: 138 | D30: 122 | E30: 136 | F30: 133 | G30: 139 | H30: 153 | I30: 139 | J30: 138 | K30: 144 | L30: 138 | M30: 124 | N30: 131 | O30: 129 | P30: 122 | Q30: 113 | R30: 115 | S30: 123 | T30: 124 | U30: 129 | V30: 130 | W30: 117 | X30: 119 | Y30: 128 | Z30: 127 | AA30: 119 | AB30: 126 | AC30: 123 | AD30: 114 | AE30: 127 | AF30: 173 | AG30: 116 | AH30: 98 | AI30: 98 | AJ30: 90 | AK30: 80 | AL30: 80 | AM30: 105 | AN30: 86 | AO30: 115 | AP30: 97 | AQ30: 99 | AR30: 86 | AS30: 95 | AT30: 82 | AU30: 86 | AV30: 99 | AW30: 93 | AX30: 69 | AY30: 73 | AZ30: 73 | BA30: 70 | BB30: 68 | BC30: 89 | BD30: 65 | BE30: 69 | BF30: 64 | BG30: 58 | BH30: 49 | BI30: 40 | BJ30: 37 | BK30: 44 | BL30: 45
A31: 154 | B31: 142 | C31: 133 | D31: 121 | E31: 135 | F31: 131 | G31: 142 | H31: 152 | I31: 136 | J31: 137 | K31: 142 | L31: 140 | M31: 136 | N31: 134 | O31: 123 | P31: 116 | Q31: 123 | R31: 140 | S31: 128 | T31: 126 | U31: 131 | V31: 130 | W31: 115 | X31: 121 | Y31: 128 | Z31: 125 | AA31: 121 | AB31: 111 | AC31: 120 | AD31: 109 | AE31: 104 | AF31: 102 | AG31: 108 | AH31: 94 | AI31: 88 | AJ31: 87 | AK31: 78 | AL31: 92 | AM31: 89 | AN31: 92 | AO31: 111 | AP31: 86 | AQ31: 104 | AR31: 86 | AS31: 95 | AT31: 89 | AU31: 88 | AV31: 106 | AW31: 104 | AX31: 76 | AY31: 79 | AZ31: 79 | BA31: 75 | BB31: 77 | BC31: 101 | BD31: 70 | BE31: 70 | BF31: 64 | BG31: 57 | BH31: 49 | BI31: 48 | BJ31: 48 | BK31: 23 | BL31: 49
A32: 150 | B32: 135 | C32: 129 | D32: 122 | E32: 134 | F32: 133 | G32: 145 | H32: 149 | I32: 134 | J32: 137 | K32: 140 | L32: 140 | M32: 137 | N32: 136 | O32: 167 | P32: 126 | Q32: 138 | R32: 135 | S32: 125 | T32: 129 | U32: 136 | V32: 130 | W32: 116 | X32: 122 | Y32: 125 | Z32: 123 | AA32: 114 | AB32: 103 | AC32: 118 | AD32: 102 | AE32: 100 | AF32: 92 | AG32: 108 | AH32: 87 | AI32: 77 | AJ32: 78 | AK32: 90 | AL32: 85 | AM32: 82 | AN32: 95 | AO32: 94 | AP32: 89 | AQ32: 101 | AR32: 89 | AS32: 95 | AT32: 94 | AU32: 91 | AV32: 111 | AW32: 111 | AX32: 80 | AY32: 84 | AZ32: 81 | BA32: 79 | BB32: 79 | BC32: 108 | BD32: 83 | BE32: 76 | BF32: 63 | BG32: 58 | BH32: 46 | BI32: 61 | BJ32: 65 | BK32: 49 | BL32: 19
X34: T | Y34: o | Z34: m | AB34: Y | AC34: e | AD34: h | AI34: J | AJ34: u | AK34: b | AL34: a | AM34: i | AN34: r
X36: C | Y36: S | AA36: P | AB36: R | AC36: O | AD36: F | AI36: P | AJ36: h | AK36: D | AM36: S | AN36: T | AO36: U | AP36: D | AQ36: E | AR36: N | AS36: T
U38: C | V38: U | X38: B | Y38: O | Z38: U | AA38: L | AB38: D | AC38: E | AD38: R | AI38: C | AJ38: U | AL38: B | AM38: O | AN38: U | AO38: L | AP38: D | AQ38: E | AR38: R
U40: A | V40: I | W40: - | X40: B | Y40: Y | Z40: - | AA40: H | AB40: A | AC40: N | AD40: D | AI40: A | AJ40: I | AK40: . | AL40: X | AM40: A | AN40: I | AO40: . | AP40: V | AQ40: I | AR40: S
AE47: Contents
AF48: Dataset
AF49: Perceptron (core of Neural Nets)
AF50: Multilayer Perceptron
AF51: Backpropagation

Sheet Dataset-Tumor
B2: D | C2: A | D2: T | E2: A | F2: S | G2: E | H2: T | J2: 2D | K2: M | L2: R | M2: I | P2: Brain Tumor | T2: https://www.kaggle.com/datasets/masoudnickparvar/brain-tumor-mri-dataset/data
L4: Sample | M4: #1 | AF4: Sample | AG4: #2 | AZ4: Sample | BA4: #3 | BT4: Sample | BU4: #4
C5: Class 1 | D5: 2 | E5: 2 | F5: 2 | G5: 2 | H5: 2 | I5: 2 | J5: 2 | K5: 2 | L5: 2 | M5: 2 | N5: 2 | O5: 2 | P5: 2 | Q5: 2 | R5: 2 | S5: 2 | T5: 2 | U5: 2 | V5: 2 | W5: 2 | X5: 2 | Y5: 2 | Z5: 2 | AA5: 2 | AB5: 2 | AC5: 2 | AD5: 2 | AE5: 0 | AF5: 0 | AG5: 0 | AH5: 0 | AI5: 0 | AJ5: 1 | AK5: 2 | AL5: 2 | AM5: 2 | AN5: 2 | AO5: 2 | AP5: 2 | AQ5: 2 | AR5: 2 | AS5: 2 | AT5: 2 | AU5: 2 | AV5: 2 | AW5: 2 | AX5: 2 | AY5: 2 | AZ5: 2 | BA5: 2 | BB5: 2 | BC5: 2 | BD5: 2 | BE5: 2 | BF5: 2 | BG5: 2 | BH5: 2 | BI5: 2 | BJ5: 2 | BK5: 2 | BL5: 2 | BM5: 2 | BN5: 2 | BO5: 3 | BP5: 3 | BQ5: 3 | BR5: 2 | BS5: 2 | BT5: 3 | BU5: 3 | BV5: 3 | BW5: 3 | BX5: 3 | BY5: 3 | BZ5: 3 | CA5: 3 | CB5: 3 | CC5: 3 | CD5: 3 | CE5: 2 | CG5: Class ID | CH5: SID
C6: Glioma | D6: 2 | E6: 2 | F6: 2 | G6: 2 | H6: 2 | I6: 2 | J6: 1 | K6: 0 | L6: 0 | M6: 0 | N6: 0 | O6: 0 | P6: 0 | Q6: 2 | R6: 2 | S6: 2 | T6: 2 | U6: 2 | V6: 2 | W6: 2 | X6: 3 | Y6: 3 | Z6: 3 | AA6: 3 | AB6: 3 | AC6: 2 | AD6: 1 | AE6: 15 | AF6: 36 | AG6: 43 | AH6: 45 | AI6: 25 | AJ6: 3 | AK6: 1 | AL6: 3 | AM6: 3 | AN6: 3 | AO6: 3 | AP6: 3 | AQ6: 3 | AR6: 2 | AS6: 2 | AT6: 2 | AU6: 2 | AV6: 2 | AW6: 2 | AX6: 1 | AY6: 0 | AZ6: 0 | BA6: 0 | BB6: 0 | BC6: 0 | BD6: 0 | BE6: 2 | BF6: 2 | BG6: 2 | BH6: 2 | BI6: 2 | BJ6: 2 | BK6: 2 | BL6: 4 | BM6: 4 | BN6: 4 | BO6: 4 | BP6: 4 | BQ6: 3 | BR6: 3 | BS6: 3 | BT6: 3 | BU6: 3 | BV6: 3 | BW6: 3 | BX6: 3 | BY6: 3 | BZ6: 3 | CA6: 3 | CB6: 3 | CC6: 3 | CD6: 3 | CE6: 3 | CG6: 1 | CH6: 1
D7: 2 | E7: 3 | F7: 3 | G7: 2 | H7: 2 | I7: 0 | J7: 7 | K7: 33 | L7: 66 | M7: 80 | N7: 83 | O7: 61 | P7: 22 | Q7: 0 | R7: 1 | S7: 3 | T7: 2 | U7: 3 | V7: 3 | W7: 2 | X7: 5 | Y7: 6 | Z7: 5 | AA7: 5 | AB7: 3 | AC7: 16 | AD7: 79 | AE7: 117 | AF7: 103 | AG7: 87 | AH7: 107 | AI7: 121 | AJ7: 92 | AK7: 30 | AL7: 4 | AM7: 6 | AN7: 6 | AO7: 5 | AP7: 5 | AQ7: 5 | AR7: 2 | AS7: 3 | AT7: 3 | AU7: 2 | AV7: 2 | AW7: 0 | AX7: 7 | AY7: 33 | AZ7: 66 | BA7: 80 | BB7: 83 | BC7: 61 | BD7: 22 | BE7: 0 | BF7: 1 | BG7: 3 | BH7: 2 | BI7: 3 | BJ7: 3 | BK7: 2 | BL7: 4 | BM7: 4 | BN7: 4 | BO7: 4 | BP7: 4 | BQ7: 3 | BR7: 3 | BS7: 3 | BT7: 3 | BU7: 1 | BV7: 0 | BW7: 0 | BX7: 0 | BY7: 0 | BZ7: 0 | CA7: 2 | CB7: 3 | CC7: 3 | CD7: 3 | CE7: 3 | CG7: 2 | CH7: 2
D8: 2 | E8: 4 | F8: 3 | G8: 2 | H8: 9 | I8: 51 | J8: 104 | K8: 104 | L8: 87 | M8: 71 | N8: 81 | O8: 99 | P8: 115 | Q8: 78 | R8: 13 | S8: 2 | T8: 4 | U8: 3 | V8: 4 | W8: 2 | X8: 4 | Y8: 6 | Z8: 6 | AA8: 5 | AB8: 46 | AC8: 116 | AD8: 120 | AE8: 76 | AF8: 61 | AG8: 73 | AH8: 57 | AI8: 64 | AJ8: 99 | AK8: 117 | AL8: 57 | AM8: 6 | AN8: 7 | AO8: 7 | AP8: 7 | AQ8: 4 | AR8: 2 | AS8: 4 | AT8: 3 | AU8: 2 | AV8: 9 | AW8: 51 | AX8: 104 | AY8: 104 | AZ8: 87 | BA8: 71 | BB8: 81 | BC8: 99 | BD8: 115 | BE8: 78 | BF8: 13 | BG8: 2 | BH8: 4 | BI8: 3 | BJ8: 4 | BK8: 2 | BL8: 4 | BM8: 4 | BN8: 4 | BO8: 4 | BP8: 4 | BQ8: 4 | BR8: 3 | BS8: 0 | BT8: 2 | BU8: 16 | BV8: 31 | BW8: 43 | BX8: 49 | BY8: 46 | BZ8: 33 | CA8: 9 | CB8: 0 | CC8: 3 | CD8: 4 | CE8: 4 | CG8: 3 | CH8: 3
D9: 2 | E9: 6 | F9: 4 | G9: 12 | H9: 110 | I9: 129 | J9: 82 | K9: 53 | L9: 57 | M9: 77 | N9: 46 | O9: 46 | P9: 70 | Q9: 107 | R9: 99 | S9: 15 | T9: 3 | U9: 5 | V9: 5 | W9: 2 | X9: 3 | Y9: 7 | Z9: 3 | AA9: 53 | AB9: 137 | AC9: 99 | AD9: 54 | AE9: 53 | AF9: 59 | AG9: 68 | AH9: 56 | AI9: 55 | AJ9: 53 | AK9: 74 | AL9: 112 | AM9: 66 | AN9: 5 | AO9: 6 | AP9: 7 | AQ9: 3 | AR9: 2 | AS9: 6 | AT9: 4 | AU9: 12 | AV9: 110 | AW9: 129 | AX9: 82 | AY9: 53 | AZ9: 57 | BA9: 77 | BB9: 46 | BC9: 46 | BD9: 70 | BE9: 107 | BF9: 99 | BG9: 15 | BH9: 3 | BI9: 5 | BJ9: 5 | BK9: 2 | BL9: 5 | BM9: 5 | BN9: 4 | BO9: 4 | BP9: 4 | BQ9: 2 | BR9: 3 | BS9: 40 | BT9: 88 | BU9: 104 | BV9: 102 | BW9: 103 | BX9: 103 | BY9: 105 | BZ9: 115 | CA9: 113 | CB9: 49 | CC9: 4 | CD9: 3 | CE9: 4 | CG9: 4 | CH9: 4
D10: 1 | E10: 6 | F10: 0 | G10: 71 | H10: 130 | I10: 66 | J10: 48 | K10: 49 | L10: 59 | M10: 79 | N10: 53 | O10: 47 | P10: 48 | Q10: 56 | R10: 95 | S10: 90 | T10: 9 | U10: 4 | V10: 6 | W10: 1 | X10: 1 | Y10: 4 | Z10: 25 | AA10: 116 | AB10: 85 | AC10: 57 | AD10: 57 | AE10: 63 | AF10: 67 | AG10: 64 | AH10: 62 | AI10: 58 | AJ10: 53 | AK10: 51 | AL10: 62 | AM10: 99 | AN10: 44 | AO10: 4 | AP10: 7 | AQ10: 1 | AR10: 1 | AS10: 6 | AT10: 0 | AU10: 71 | AV10: 130 | AW10: 66 | AX10: 48 | AY10: 49 | AZ10: 59 | BA10: 79 | BB10: 53 | BC10: 47 | BD10: 48 | BE10: 56 | BF10: 95 | BG10: 90 | BH10: 9 | BI10: 4 | BJ10: 6 | BK10: 1 | BL10: 5 | BM10: 5 | BN10: 4 | BO10: 4 | BP10: 1 | BQ10: 17 | BR10: 78 | BS10: 91 | BT10: 67 | BU10: 72 | BV10: 63 | BW10: 62 | BX10: 59 | BY10: 56 | BZ10: 61 | CA10: 91 | CB10: 131 | CC10: 72 | CD10: 3 | CE10: 3
D11: 0 | E11: 4 | F11: 16 | G11: 111 | H11: 74 | I11: 53 | J11: 52 | K11: 60 | L11: 62 | M11: 59 | N11: 60 | O11: 57 | P11: 48 | Q11: 47 | R11: 65 | S11: 102 | T11: 68 | U11: 2 | V11: 5 | W11: 1 | X11: 0 | Y11: 2 | Z11: 80 | AA11: 91 | AB11: 63 | AC11: 59 | AD11: 66 | AE11: 70 | AF11: 73 | AG11: 71 | AH11: 64 | AI11: 61 | AJ11: 60 | AK11: 55 | AL11: 53 | AM11: 66 | AN11: 81 | AO11: 9 | AP11: 5 | AQ11: 0 | AR11: 0 | AS11: 4 | AT11: 16 | AU11: 111 | AV11: 74 | AW11: 53 | AX11: 52 | AY11: 60 | AZ11: 62 | BA11: 59 | BB11: 60 | BC11: 57 | BD11: 48 | BE11: 47 | BF11: 65 | BG11: 102 | BH11: 68 | BI11: 2 | BJ11: 5 | BK11: 1 | BL11: 5 | BM11: 5 | BN11: 5 | BO11: 1 | BP11: 26 | BQ11: 87 | BR11: 86 | BS11: 65 | BT11: 63 | BU11: 73 | BV11: 74 | BW11: 74 | BX11: 76 | BY11: 70 | BZ11: 66 | CA11: 57 | CB11: 72 | CC11: 129 | CD11: 37 | CE11: 1
D12: 0 | E12: 0 | F12: 53 | G12: 94 | H12: 58 | I12: 55 | J12: 59 | K12: 67 | L12: 69 | M12: 66 | N12: 66 | O12: 61 | P12: 68 | Q12: 71 | R12: 54 | S12: 52 | T12: 73 | U12: 13 | V12: 3 | W12: 0 | X12: 0 | Y12: 20 | Z12: 102 | AA12: 70 | AB12: 63 | AC12: 67 | AD12: 72 | AE12: 76 | AF12: 77 | AG12: 74 | AH12: 66 | AI12: 66 | AJ12: 99 | AK12: 92 | AL12: 58 | AM12: 57 | AN12: 83 | AO12: 30 | AP12: 2 | AQ12: 0 | AR12: 0 | AS12: 0 | AT12: 53 | AU12: 94 | AV12: 58 | AW12: 55 | AX12: 59 | AY12: 67 | AZ12: 69 | BA12: 66 | BB12: 66 | BC12: 61 | BD12: 68 | BE12: 71 | BF12: 54 | BG12: 52 | BH12: 73 | BI12: 13 | BJ12: 3 | BK12: 0 | BL12: 5 | BM12: 5 | BN12: 4 | BO12: 14 | BP12: 96 | BQ12: 79 | BR12: 82 | BS12: 70 | BT12: 70 | BU12: 81 | BV12: 81 | BW12: 79 | BX12: 79 | BY12: 79 | BZ12: 76 | CA12: 66 | CB12: 57 | CC12: 93 | CD12: 88 | CE12: 1
D13: 0 | E13: 0 | F13: 77 | G13: 81 | H13: 54 | I13: 61 | J13: 68 | K13: 72 | L13: 72 | M13: 69 | N13: 67 | O13: 81 | P13: 100 | Q13: 96 | R13: 54 | S13: 12 | T13: 65 | U13: 26 | V13: 2 | W13: 0 | X13: 0 | Y13: 50 | Z13: 101 | AA13: 62 | AB13: 68 | AC13: 73 | AD13: 77 | AE13: 62 | AF13: 60 | AG13: 74 | AH13: 63 | AI13: 94 | AJ13: 120 | AK13: 106 | AL13: 70 | AM13: 49 | AN13: 73 | AO13: 63 | AP13: 0 | AQ13: 0 | AR13: 0 | AS13: 0 | AT13: 77 | AU13: 81 | AV13: 54 | AW13: 61 | AX13: 68 | AY13: 72 | AZ13: 72 | BA13: 69 | BB13: 67 | BC13: 81 | BD13: 100 | BE13: 96 | BF13: 54 | BG13: 12 | BH13: 65 | BI13: 26 | BJ13: 2 | BK13: 0 | BL13: 5 | BM13: 5 | BN13: 1 | BO13: 73 | BP13: 98 | BQ13: 71 | BR13: 74 | BS13: 70 | BT13: 77 | BU13: 80 | BV13: 74 | BW13: 73 | BX13: 76 | BY13: 82 | BZ13: 74 | CA13: 71 | CB13: 64 | CC13: 61 | CD13: 112 | CE13: 10
D14: 0 | E14: 0 | F14: 91 | G14: 66 | H14: 60 | I14: 65 | J14: 73 | K14: 74 | L14: 72 | M14: 69 | N14: 70 | O14: 88 | P14: 71 | Q14: 93 | R14: 91 | S14: 49 | T14: 108 | U14: 34 | V14: 1 | W14: 0 | X14: 0 | Y14: 82 | Z14: 102 | AA14: 65 | AB14: 69 | AC14: 77 | AD14: 78 | AE14: 68 | AF14: 63 | AG14: 81 | AH14: 75 | AI14: 118 | AJ14: 79 | AK14: 91 | AL14: 96 | AM14: 68 | AN14: 71 | AO14: 83 | AP14: 2 | AQ14: 0 | AR14: 0 | AS14: 0 | AT14: 91 | AU14: 66 | AV14: 60 | AW14: 65 | AX14: 73 | AY14: 74 | AZ14: 72 | BA14: 69 | BB14: 70 | BC14: 88 | BD14: 71 | BE14: 93 | BF14: 91 | BG14: 49 | BH14: 108 | BI14: 34 | BJ14: 1 | BK14: 0 | BL14: 5 | BM14: 3 | BN14: 22 | BO14: 122 | BP14: 95 | BQ14: 70 | BR14: 69 | BS14: 71 | BT14: 73 | BU14: 70 | BV14: 70 | BW14: 80 | BX14: 76 | BY14: 75 | BZ14: 74 | CA14: 76 | CB14: 70 | CC14: 53 | CD14: 116 | CE14: 18
D15: 0 | E15: 0 | F15: 106 | G15: 67 | H15: 62 | I15: 68 | J15: 72 | K15: 72 | L15: 72 | M15: 70 | N15: 67 | O15: 92 | P15: 106 | Q15: 96 | R15: 79 | S15: 56 | T15: 113 | U15: 36 | V15: 0 | W15: 0 | X15: 0 | Y15: 97 | Z15: 83 | AA15: 65 | AB15: 71 | AC15: 77 | AD15: 78 | AE15: 84 | AF15: 78 | AG15: 81 | AH15: 69 | AI15: 120 | AJ15: 82 | AK15: 72 | AL15: 108 | AM15: 104 | AN15: 65 | AO15: 104 | AP15: 9 | AQ15: 0 | AR15: 0 | AS15: 0 | AT15: 106 | AU15: 67 | AV15: 62 | AW15: 68 | AX15: 72 | AY15: 72 | AZ15: 72 | BA15: 70 | BB15: 67 | BC15: 92 | BD15: 106 | BE15: 96 | BF15: 79 | BG15: 56 | BH15: 113 | BI15: 36 | BJ15: 0 | BK15: 0 | BL15: 5 | BM15: 3 | BN15: 68 | BO15: 86 | BP15: 86 | BQ15: 72 | BR15: 75 | BS15: 87 | BT15: 70 | BU15: 72 | BV15: 80 | BW15: 86 | BX15: 88 | BY15: 64 | BZ15: 24 | CA15: 64 | CB15: 73 | CC15: 50 | CD15: 118 | CE15: 25
D16: 0 | E16: 0 | F16: 111 | G16: 72 | H16: 59 | I16: 69 | J16: 69 | K16: 73 | L16: 75 | M16: 76 | N16: 71 | O16: 69 | P16: 74 | Q16: 77 | R16: 70 | S16: 47 | T16: 107 | U16: 34 | V16: 0 | W16: 0 | X16: 0 | Y16: 96 | Z16: 62 | AA16: 66 | AB16: 72 | AC16: 79 | AD16: 81 | AE16: 80 | AF16: 78 | AG16: 76 | AH16: 66 | AI16: 105 | AJ16: 106 | AK16: 78 | AL16: 72 | AM16: 87 | AN16: 54 | AO16: 116 | AP16: 18 | AQ16: 0 | AR16: 0 | AS16: 0 | AT16: 111 | AU16: 72 | AV16: 59 | AW16: 69 | AX16: 69 | AY16: 73 | AZ16: 75 | BA16: 76 | BB16: 71 | BC16: 69 | BD16: 74 | BE16: 77 | BF16: 70 | BG16: 47 | BH16: 107 | BI16: 34 | BJ16: 0 | BK16: 0 | BL16: 4 | BM16: 7 | BN16: 84 | BO16: 64 | BP16: 69 | BQ16: 84 | BR16: 73 | BS16: 68 | BT16: 73 | BU16: 78 | BV16: 69 | BW16: 73 | BX16: 92 | BY16: 66 | BZ16: 36 | CA16: 64 | CB16: 70 | CC16: 53 | CD16: 125 | CE16: 23
D17: 0 | E17: 1 | F17: 113 | G17: 76 | H17: 62 | I17: 66 | J17: 70 | K17: 73 | L17: 74 | M17: 72 | N17: 69 | O17: 69 | P17: 59 | Q17: 56 | R17: 57 | S17: 55 | T17: 105 | U17: 29 | V17: 0 | W17: 0 | X17: 0 | Y17: 96 | Z17: 63 | AA17: 63 | AB17: 74 | AC17: 79 | AD17: 77 | AE17: 77 | AF17: 74 | AG17: 70 | AH17: 64 | AI17: 74 | AJ17: 97 | AK17: 85 | AL17: 70 | AM17: 91 | AN17: 45 | AO17: 96 | AP17: 16 | AQ17: 0 | AR17: 0 | AS17: 1 | AT17: 113 | AU17: 76 | AV17: 62 | AW17: 66 | AX17: 70 | AY17: 73 | AZ17: 74 | BA17: 72 | BB17: 69 | BC17: 69 | BD17: 59 | BE17: 56 | BF17: 57 | BG17: 55 | BH17: 105 | BI17: 29 | BJ17: 0 | BK17: 0 | BL17: 5 | BM17: 5 | BN17: 68 | BO17: 103 | BP17: 97 | BQ17: 64 | BR17: 83 | BS17: 82 | BT17: 76 | BU17: 77 | BV17: 73 | BW17: 72 | BX17: 69 | BY17: 74 | BZ17: 80 | CA17: 85 | CB17: 66 | CC17: 51 | CD17: 125 | CE17: 13
D18: 0 | E18: 3 | F18: 96 | G18: 62 | H18: 92 | I18: 72 | J18: 70 | K18: 74 | L18: 75 | M18: 71 | N18: 71 | O18: 72 | P18: 67 | Q18: 62 | R18: 68 | S18: 42 | T18: 98 | U18: 24 | V18: 4 | W18: 0 | X18: 0 | Y18: 87 | Z18: 74 | AA18: 54 | AB18: 57 | AC18: 68 | AD18: 76 | AE18: 81 | AF18: 73 | AG18: 66 | AH18: 66 | AI18: 66 | AJ18: 62 | AK18: 73 | AL18: 82 | AM18: 67 | AN18: 58 | AO18: 89 | AP18: 33 | AQ18: 0 | AR18: 0 | AS18: 3 | AT18: 96 | AU18: 62 | AV18: 92 | AW18: 72 | AX18: 70 | AY18: 74 | AZ18: 75 | BA18: 71 | BB18: 71 | BC18: 72 | BD18: 67 | BE18: 62 | BF18: 68 | BG18: 42 | BH18: 98 | BI18: 24 | BJ18: 4 | BK18: 0 | BL18: 4 | BM18: 9 | BN18: 82 | BO18: 104 | BP18: 109 | BQ18: 56 | BR18: 73 | BS18: 96 | BT18: 87 | BU18: 57 | BV18: 61 | BW18: 40 | BX18: 53 | BY18: 79 | BZ18: 88 | CA18: 102 | CB18: 49 | CC18: 61 | CD18: 104 | CE18: 3
D19: 0 | E19: 2 | F19: 90 | G19: 47 | H19: 63 | I19: 65 | J19: 70 | K19: 73 | L19: 76 | M19: 78 | N19: 74 | O19: 72 | P19: 69 | Q19: 63 | R19: 55 | S19: 61 | T19: 104 | U19: 14 | V19: 2 | W19: 0 | X19: 0 | Y19: 70 | Z19: 49 | AA19: 6 | AB19: 14 | AC19: 63 | AD19: 77 | AE19: 72 | AF19: 70 | AG19: 66 | AH19: 69 | AI19: 66 | AJ19: 65 | AK19: 53 | AL19: 29 | AM19: 27 | AN19: 33 | AO19: 74 | AP19: 19 | AQ19: 0 | AR19: 0 | AS19: 2 | AT19: 90 | AU19: 47 | AV19: 63 | AW19: 65 | AX19: 70 | AY19: 73 | AZ19: 76 | BA19: 78 | BB19: 74 | BC19: 72 | BD19: 69 | BE19: 63 | BF19: 55 | BG19: 61 | BH19: 104 | BI19: 14 | BJ19: 2 | BK19: 0 | BL19: 2 | BM19: 32 | BN19: 136 | BO19: 115 | BP19: 127 | BQ19: 52 | BR19: 44 | BS19: 78 | BT19: 70 | BU19: 36 | BV19: 24 | BW19: 6 | BX19: 53 | BY19: 88 | BZ19: 58 | CA19: 50 | CB19: 27 | CC19: 111 | CD19: 77 | CE19: 0
D20: 0 | E20: 0 | F20: 107 | G20: 80 | H20: 38 | I20: 63 | J20: 68 | K20: 73 | L20: 71 | M20: 65 | N20: 66 | O20: 73 | P20: 69 | Q20: 59 | R20: 43 | S20: 44 | T20: 101 | U20: 7 | V20: 2 | W20: 0 | X20: 0 | Y20: 70 | Z20: 56 | AA20: 8 | AB20: 41 | AC20: 57 | AD20: 68 | AE20: 73 | AF20: 69 | AG20: 70 | AH20: 67 | AI20: 68 | AJ20: 57 | AK20: 47 | AL20: 35 | AM20: 14 | AN20: 34 | AO20: 48 | AP20: 11 | AQ20: 0 | AR20: 0 | AS20: 0 | AT20: 107 | AU20: 80 | AV20: 38 | AW20: 63 | AX20: 68 | AY20: 73 | AZ20: 71 | BA20: 65 | BB20: 66 | BC20: 73 | BD20: 69 | BE20: 59 | BF20: 43 | BG20: 44 | BH20: 101 | BI20: 7 | BJ20: 2 | BK20: 0 | BL20: 0 | BM20: 68 | BN20: 180 | BO20: 112 | BP20: 130 | BQ20: 63 | BR20: 45 | BS20: 86 | BT20: 91 | BU20: 101 | BV20: 46 | BW20: 10 | BX20: 16 | BY20: 22 | BZ20: 26 | CA20: 37 | CB20: 68 | CC20: 128 | CD20: 51 | CE20: 1
D21: 0 | E21: 0 | F21: 75 | G21: 115 | H21: 41 | I21: 55 | J21: 63 | K21: 63 | L21: 49 | M21: 39 | N21: 41 | O21: 62 | P21: 63 | Q21: 55 | R21: 42 | S21: 65 | T21: 87 | U21: 0 | V21: 3 | W21: 0 | X21: 0 | Y21: 45 | Z21: 68 | AA21: 8 | AB21: 43 | AC21: 77 | AD21: 82 | AE21: 63 | AF21: 64 | AG21: 64 | AH21: 53 | AI21: 62 | AJ21: 78 | AK21: 57 | AL21: 16 | AM21: 13 | AN21: 64 | AO21: 28 | AP21: 7 | AQ21: 0 | AR21: 0 | AS21: 0 | AT21: 75 | AU21: 115 | AV21: 41 | AW21: 55 | AX21: 63 | AY21: 63 | AZ21: 49 | BA21: 39 | BB21: 41 | BC21: 62 | BD21: 63 | BE21: 55 | BF21: 42 | BG21: 65 | BH21: 87 | BI21: 0 | BJ21: 3 | BK21: 0 | BL21: 2 | BM21: 39 | BN21: 126 | BO21: 73 | BP21: 73 | BQ21: 62 | BR21: 47 | BS21: 71 | BT21: 79 | BU21: 104 | BV21: 83 | BW21: 19 | BX21: 9 | BY21: 7 | BZ21: 37 | CA21: 55 | CB21: 90 | CC21: 91 | CD21: 32 | CE21: 2
... D28: 2 | E28: 3 | F28: 3 | G28: 16 | H28: 36 | I28: 35 | J28: 38 | K28: 44 | L28: 39 | M28: 40 | N28: 42 | O28: 29 | P28: 26 | Q28: 19 | R28: 5 | S28: 3 | T28: 2 | U28: 2 | V28: 2 | W28: 2 | X28: 5 | Y28: 5 | Z28: 23 | AA28: 45 | AB28: 37 | AC28: 52 | AD28: 36 | AE28: 46 | AF28: 30 | AG28: 22 | AH28: 41 | AI28: 54 | AJ28: 27 | AK28: 34 | AL28: 40 | AM28: 29 | AN28: 6 | AO28: 4 | AP28: 3 | AQ28: 3 | AR28: 2 | AS28: 3 | AT28: 3 | AU28: 16 | AV28: 36 | AW28: 35 | AX28: 38 | AY28: 44 | AZ28: 39 | BA28: 40 | BB28: 42 | BC28: 29 | BD28: 26 | BE28: 19 | BF28: 5 | BG28: 3 | BH28: 2 | BI28: 2 | BJ28: 2 | BK28: 2 | BL28: 2 | BM28: 2 | BN28: 4 | BO28: 4 | BP28: 5 | BQ28: 4 | BR28: 4 | BS28: 4 | BT28: 5 | BU28: 9 | BV28: 10 | BW28: 7 | BX28: 3 | BY28: 3 | BZ28: 2 | CA28: 2 | CB28: 3 | CC28: 3 | CD28: 3 | CE28: 3
C29: Class 2 | D29: 0 | E29: 0 | F29: 0 | G29: 1 | H29: 1 | I29: 0 | J29: 1 | K29: 1 | L29: 1 | M29: 1 | N29: 1 | O29: 1 | P29: 1 | Q29: 0 | R29: 0 | S29: 0 | T29: 0 | U29: 0 | V29: 0 | W29: 0 | X29: 0 | Y29: 0 | Z29: 0 | AA29: 0 | AB29: 1 | AC29: 1 | AD29: 1 | AE29: 1 | AF29: 1 | AG29: 1 | AH29: 1 | AI29: 1 | AJ29: 1 | AK29: 1 | AL29: 1 | AM29: 1 | AN29: 0 | AO29: 0 | AP29: 0 | AQ29: 0 | AR29: 0 | AS29: 0 | AT29: 1 | AU29: 1 | AV29: 1 | AW29: 1 | AX29: 1 | AY29: 1 | AZ29: 1 | BA29: 1 | BB29: 1 | BC29: 1 | BD29: 1 | BE29: 1 | BF29: 1 | BG29: 1 | BH29: 1 | BI29: 1 | BJ29: 0 | BK29: 0 | BL29: 0 | BM29: 0 | BN29: 0 | BO29: 0 | BP29: 0 | BQ29: 0 | BR29: 0 | BS29: 0 | BT29: 0 | BU29: 0 | BV29: 0 | BW29: 0 | BX29: 0 | BY29: 0 | BZ29: 0 | CA29: 0 | CB29: 0 | CC29: 0 | CD29: 0 | CE29: 0
C30: Meningioma | D30: 0 | E30: 2 | F30: 2 | G30: 2 | H30: 2 | I30: 3 | J30: 3 | K30: 3 | L30: 3 | M30: 2 | N30: 3 | O30: 3 | P30: 3 | Q30: 2 | R30: 2 | S30: 2 | T30: 2 | U30: 2 | V30: 1 | W30: 0 | X30: 0 | Y30: 3 | Z30: 4 | AA30: 4 | AB30: 4 | AC30: 4 | AD30: 4 | AE30: 4 | AF30: 4 | AG30: 4 | AH30: 4 | AI30: 3 | AJ30: 3 | AK30: 3 | AL30: 4 | AM30: 3 | AN30: 4 | AO30: 4 | AP30: 3 | AQ30: 0 | AR30: 0 | AS30: 3 | AT30: 4 | AU30: 4 | AV30: 4 | AW30: 4 | AX30: 4 | AY30: 4 | AZ30: 4 | BA30: 4 | BB30: 4 | BC30: 4 | BD30: 4 | BE30: 4 | BF30: 4 | BG30: 4 | BH30: 4 | BI30: 4 | BJ30: 3 | BK30: 0 | BL30: 0 | BM30: 1 | BN30: 2 | BO30: 2 | BP30: 2 | BQ30: 2 | BR30: 2 | BS30: 2 | BT30: 2 | BU30: 2 | BV30: 2 | BW30: 2 | BX30: 2 | BY30: 2 | BZ30: 2 | CA30: 2 | CB30: 2 | CC30: 2 | CD30: 2 | CE30: 0
D31: 0 | E31: 2 | F31: 2 | G31: 2 | H31: 2 | I31: 3 | J31: 3 | K31: 2 | L31: 4 | M31: 13 | N31: 1 | O31: 3 | P31: 2 | Q31: 3 | R31: 3 | S31: 2 | T31: 3 | U31: 3 | V31: 2 | W31: 0 | X31: 0 | Y31: 3 | Z31: 4 | AA31: 4 | AB31: 3 | AC31: 4 | AD31: 4 | AE31: 4 | AF31: 4 | AG31: 4 | AH31: 4 | AI31: 4 | AJ31: 4 | AK31: 3 | AL31: 4 | AM31: 3 | AN31: 4 | AO31: 4 | AP31: 3 | AQ31: 0 | AR31: 0 | AS31: 3 | AT31: 4 | AU31: 4 | AV31: 4 | AW31: 4 | AX31: 4 | AY31: 4 | AZ31: 4 | BA31: 3 | BB31: 4 | BC31: 3 | BD31: 3 | BE31: 4 | BF31: 4 | BG31: 4 | BH31: 4 | BI31: 4 | BJ31: 4 | BK31: 0 | BL31: 0 | BM31: 2 | BN31: 2 | BO31: 2 | BP31: 2 | BQ31: 2 | BR31: 2 | BS31: 2 | BT31: 2 | BU31: 0 | BV31: 0 | BW31: 1 | BX31: 2 | BY31: 2 | BZ31: 2 | CA31: 2 | CB31: 2 | CC31: 2 | CD31: 2 | CE31: 0
D32: 0 | E32: 2 | F32: 2 | G32: 2 | H32: 2 | I32: 0 | J32: 2 | K32: 2 | L32: 45 | M32: 74 | N32: 30 | O32: 4 | P32: 7 | Q32: 1 | R32: 1 | S32: 3 | T32: 2 | U32: 2 | V32: 2 | W32: 0 | X32: 0 | Y32: 3 | Z32: 4 | AA32: 4 | AB32: 4 | AC32: 4 | AD32: 4 | AE32: 5 | AF32: 5 | AG32: 4 | AH32: 4 | AI32: 5 | AJ32: 4 | AK32: 4 | AL32: 4 | AM32: 3 | AN32: 4 | AO32: 4 | AP32: 4 | AQ32: 0 | AR32: 0 | AS32: 4 | AT32: 4 | AU32: 4 | AV32: 3 | AW32: 3 | AX32: 3 | AY32: 4 | AZ32: 5 | BA32: 5 | BB32: 4 | BC32: 4 | BD32: 3 | BE32: 3 | BF32: 3 | BG32: 4 | BH32: 4 | BI32: 4 | BJ32: 4 | BK32: 1 | BL32: 0 | BM32: 2 | BN32: 2 | BO32: 2 | BP32: 3 | BQ32: 3 | BR32: 0 | BS32: 0 | BT32: 10 | BU32: 29 | BV32: 33 | BW32: 17 | BX32: 0 | BY32: 0 | BZ32: 3 | CA32: 2 | CB32: 2 | CC32: 2 | CD32: 2 | CE32: 0
D33: 1 | E33: 3 | F33: 3 | G33: 0 | H33: 9 | I33: 32 | J33: 37 | K33: 54 | L33: 72 | M33: 82 | N33: 67 | O33: 49 | P33: 42 | Q33: 47 | R33: 17 | S33: 0 | T33: 3 | U33: 3 | V33: 2 | W33: 0 | X33: 0 | Y33: 3 | Z33: 4 | AA33: 3 | AB33: 4 | AC33: 5 | AD33: 5 | AE33: 2 | AF33: 2 | AG33: 6 | AH33: 6 | AI33: 1 | AJ33: 1 | AK33: 4 | AL33: 4 | AM33: 3 | AN33: 3 | AO33: 4 | AP33: 4 | AQ33: 1 | AR33: 1 | AS33: 3 | AT33: 4 | AU33: 3 | AV33: 3 | AW33: 4 | AX33: 5 | AY33: 5 | AZ33: 4 | BA33: 3 | BB33: 3 | BC33: 4 | BD33: 5 | BE33: 4 | BF33: 3 | BG33: 3 | BH33: 4 | BI33: 4 | BJ33: 4 | BK33: 1 | BL33: 0 | BM33: 2 | BN33: 3 | BO33: 3 | BP33: 3 | BQ33: 0 | BR33: 24 | BS33: 85 | BT33: 116 | BU33: 118 | BV33: 122 | BW33: 125 | BX33: 95 | BY33: 27 | BZ33: 0 | CA33: 3 | CB33: 2 | CC33: 3 | CD33: 2 | CE33: 0
D34: 1 | E34: 3 | F34: 1 | G34: 26 | H34: 83 | I34: 85 | J34: 59 | K34: 101 | L34: 80 | M34: 86 | N34: 77 | O34: 88 | P34: 61 | Q34: 89 | R34: 78 | S34: 38 | T34: 0 | U34: 3 | V34: 3 | W34: 0 | X34: 1 | Y34: 3 | Z34: 4 | AA34: 4 | AB34: 5 | AC34: 5 | AD34: 4 | AE34: 44 | AF34: 105 | AG34: 130 | AH34: 132 | AI34: 108 | AJ34: 48 | AK34: 3 | AL34: 4 | AM34: 4 | AN34: 4 | AO34: 4 | AP34: 4 | AQ34: 1 | AR34: 1 | AS34: 4 | AT34: 3 | AU34: 3 | AV34: 3 | AW34: 5 | AX34: 5 | AY34: 3 | AZ34: 8 | BA34: 20 | BB34: 22 | BC34: 10 | BD34: 2 | BE34: 4 | BF34: 5 | BG34: 4 | BH34: 4 | BI34: 4 | BJ34: 4 | BK34: 1 | BL34: 0 | BM34: 2 | BN34: 3 | BO34: 3 | BP34: 0 | BQ34: 52 | BR34: 125 | BS34: 109 | BT34: 73 | BU34: 60 | BV34: 65 | BW34: 67 | BX34: 88 | BY34: 121 | BZ34: 56 | CA34: 0 | CB34: 2 | CC34: 3 | CD34: 2 | CE34: 0
D35: 1 | E35: 2 | F35: 6 | G35: 90 | H35: 86 | I35: 88 | J35: 100 | K35: 82 | L35: 59 | M35: 80 | N35: 55 | O35: 81 | P35: 99 | Q35: 65 | R35: 75 | S35: 103 | T35: 27 | U35: 1 | V35: 3 | W35: 0 | X35: 1 | Y35: 4 | Z35: 4 | AA35: 5 | AB35: 5 | AC35: 4 | AD35: 71 | AE35: 144 | AF35: 115 | AG35: 98 | AH35: 102 | AI35: 129 | AJ35: 155 | AK35: 79 | AL35: 1 | AM35: 5 | AN35: 4 | AO35: 4 | AP35: 4 | AQ35: 1 | AR35: 1 | AS35: 4 | AT35: 4 | AU35: 4 | AV35: 4 | AW35: 5 | AX35: 4 | AY35: 43 | AZ35: 109 | BA35: 142 | BB35: 151 | BC35: 131 | BD35: 60 | BE35: 6 | BF35: 5 | BG35: 5 | BH35: 4 | BI35: 4 | BJ35: 4 | BK35: 1 | BL35: 0 | BM35: 3 | BN35: 3 | BO35: 0 | BP35: 44 | BQ35: 109 | BR35: 78 | BS35: 66 | BT35: 67 | BU35: 74 | BV35: 72 | BW35: 68 | BX35: 55 | BY35: 70 | BZ35: 107 | CA35: 59 | CB35: 1 | CC35: 3 | CD35: 3 | CE35: 0
D36: 1 | E36: 0 | F36: 34 | G36: 100 | H36: 70 | I36: 61 | J36: 84 | K36: 27 | L36: 40 | M36: 65 | N36: 48 | O36: 55 | P36: 94 | Q36: 56 | R36: 70 | S36: 110 | T36: 71 | U36: 0 | V36: 3 | W36: 1 | X36: 1 | Y36: 4 | Z36: 5 | AA36: 5 | AB36: 2 | AC36: 44 | AD36: 137 | AE36: 76 | AF36: 63 | AG36: 85 | AH36: 95 | AI36: 63 | AJ36: 79 | AK36: 153 | AL36: 57 | AM36: 1 | AN36: 5 | AO36: 4 | AP36: 4 | AQ36: 1 | AR36: 1 | AS36: 4 | AT36: 4 | AU36: 4 | AV36: 5 | AW36: 3 | AX36: 44 | AY36: 131 | AZ36: 125 | BA36: 95 | BB36: 92 | BC36: 132 | BD36: 160 | BE36: 71 | BF36: 2 | BG36: 5 | BH36: 4 | BI36: 4 | BJ36: 4 | BK36: 1 | BL36: 1 | BM36: 3 | BN36: 2 | BO36: 14 | BP36: 105 | BQ36: 79 | BR36: 71 | BS36: 77 | BT36: 84 | BU36: 78 | BV36: 74 | BW36: 70 | BX36: 83 | BY36: 98 | BZ36: 70 | CA36: 83 | CB36: 34 | CC36: 0 | CD36: 3 | CE36: 1
D37: 1 | E37: 0 | F37: 63 | G37: 96 | H37: 64 | I37: 73 | J37: 99 | K37: 91 | L37: 56 | M37: 61 | N37: 51 | O37: 88 | P37: 89 | Q37: 77 | R37: 58 | S37: 106 | T37: 89 | U37: 3 | V37: 3 | W37: 1 | X37: 1 | Y37: 4 | Z37: 5 | AA37: 5 | AB37: 10 | AC37: 112 | AD37: 106 | AE37: 64 | AF37: 71 | AG37: 87 | AH37: 91 | AI37: 80 | AJ37: 72 | AK37: 103 | AL37: 147 | AM37: 18 | AN37: 3 | AO37: 5 | AP37: 4 | AQ37: 1 | AR37: 1 | AS37: 4 | AT37: 4 | AU37: 5 | AV37: 4 | AW37: 16 | AX37: 115 | AY37: 103 | AZ37: 64 | BA37: 86 | BB37: 82 | BC37: 68 | BD37: 104 | BE37: 162 | BF37: 41 | BG37: 1 | BH37: 5 | BI37: 4 | BJ37: 4 | BK37: 1 | BL37: 1 | BM37: 3 | BN37: 0 | BO37: 68 | BP37: 94 | BQ37: 66 | BR37: 77 | BS37: 86 | BT37: 86 | BU37: 72 | BV37: 77 | BW37: 103 | BX37: 105 | BY37: 96 | BZ37: 96 | CA37: 67 | CB37: 71 | CC37: 4 | CD37: 3 | CE37: 1
D38: 1 | E38: 1 | F38: 78 | G38: 95 | H38: 81 | I38: 85 | J38: 73 | K38: 41 | L38: 11 | M38: 22 | N38: 15 | O38: 53 | P38: 53 | Q38: 48 | R38: 68 | S38: 99 | T38: 98 | U38: 5 | V38: 3 | W38: 1 | X38: 1 | Y38: 5 | Z38: 5 | AA38: 2 | AB38: 55 | AC38: 134 | AD38: 71 | AE38: 79 | AF38: 128 | AG38: 172 | AH38: 120 | AI38: 82 | AJ38: 81 | AK38: 68 | AL38: 141 | AM38: 94 | AN38: 1 | AO38: 4 | AP38: 4 | AQ38: 1 | AR38: 1 | AS38: 4 | AT38: 5 | AU38: 5 | AV38: 2 | AW38: 66 | AX38: 127 | AY38: 73 | AZ38: 131 | BA38: 164 | BB38: 123 | BC38: 72 | BD38: 70 | BE38: 140 | BF38: 131 | BG38: 8 | BH38: 4 | BI38: 4 | BJ38: 4 | BK38: 2 | BL38: 1 | BM38: 2 | BN38: 11 | BO38: 107 | BP38: 72 | BQ38: 81 | BR38: 84 | BS38: 87 | BT38: 89 | BU38: 75 | BV38: 82 | BW38: 115 | BX38: 95 | BY38: 94 | BZ38: 97 | CA38: 73 | CB38: 87 | CC38: 27 | CD38: 1 | CE38: 1
D39: 1 | E39: 1 | F39: 87 | G39: 87 | H39: 65 | I39: 64 | J39: 56 | K39: 63 | L39: 54 | M39: 42 | N39: 77 | O39: 77 | P39: 61 | Q39: 48 | R39: 63 | S39: 82 | T39: 102 | U39: 6 | V39: 3 | W39: 1 | X39: 1 | Y39: 5 | Z39: 4 | AA39: 7 | AB39: 115 | AC39: 101 | AD39: 66 | AE39: 113 | AF39: 163 | AG39: 165 | AH39: 147 | AI39: 85 | AJ39: 93 | AK39: 79 | AL39: 87 | AM39: 158 | AN39: 31 | AO39: 2 | AP39: 4 | AQ39: 1 | AR39: 1 | AS39: 4 | AT39: 5 | AU39: 3 | AV39: 18 | AW39: 122 | AX39: 95 | AY39: 111 | AZ39: 152 | BA39: 156 | BB39: 130 | BC39: 77 | BD39: 78 | BE39: 82 | BF39: 171 | BG39: 63 | BH39: 1 | BI39: 4 | BJ39: 4 | BK39: 2 | BL39: 1 | BM39: 0 | BN39: 37 | BO39: 97 | BP39: 72 | BQ39: 81 | BR39: 89 | BS39: 91 | BT39: 85 | BU39: 76 | BV39: 86 | BW39: 114 | BX39: 92 | BY39: 92 | BZ39: 94 | CA39: 91 | CB39: 85 | CC39: 61 | CD39: 0 | CE39: 1
D40: 2 | E40: 3 | F40: 90 | G40: 78 | H40: 45 | I40: 50 | J40: 56 | K40: 86 | L40: 90 | M40: 71 | N40: 87 | O40: 83 | P40: 79 | Q40: 51 | R40: 40 | S40: 54 | T40: 104 | U40: 15 | V40: 3 | W40: 1 | X40: 1 | Y40: 5 | Z40: 2 | AA40: 31 | AB40: 141 | AC40: 79 | AD40: 73 | AE40: 140 | AF40: 161 | AG40: 161 | AH40: 141 | AI40: 87 | AJ40: 97 | AK40: 90 | AL40: 76 | AM40: 138 | AN40: 88 | AO40: 0 | AP40: 5 | AQ40: 2 | AR40: 1 | AS40: 4 | AT40: 5 | AU40: 2 | AV40: 55 | AW40: 138 | AX40: 81 | AY40: 156 | AZ40: 152 | BA40: 157 | BB40: 142 | BC40: 85 | BD40: 89 | BE40: 69 | BF40: 136 | BG40: 133 | BH40: 10 | BI40: 3 | BJ40: 4 | BK40: 2 | BL40: 1 | BM40: 0 | BN40: 57 | BO40: 85 | BP40: 76 | BQ40: 93 | BR40: 94 | BS40: 84 | BT40: 62 | BU40: 82 | BV40: 80 | BW40: 115 | BX40: 109 | BY40: 101 | BZ40: 100 | CA40: 85 | CB40: 68 | CC40: 79 | CD40: 2 | CE40: 1
D41: 1 | E41: 2 | F41: 89 | G41: 87 | H41: 28 | I41: 17 | J41: 34 | K41: 83 | L41: 55 | M41: 59 | N41: 65 | O41: 50 | P41: 37 | Q41: 22 | R41: 9 | S41: 35 | T41: 89 | U41: 26 | V41: 1 | W41: 1 | X41: 1 | Y41: 5 | Z41: 0 | AA41: 56 | AB41: 144 | AC41: 81 | AD41: 80 | AE41: 111 | AF41: 189 | AG41: 181 | AH41: 127 | AI41: 92 | AJ41: 99 | AK41: 95 | AL41: 85 | AM41: 116 | AN41: 121 | AO41: 3 | AP41: 5 | AQ41: 2 | AR41: 1 | AS41: 4 | AT41: 5 | AU41: 3 | AV41: 92 | AW41: 130 | AX41: 75 | AY41: 149 | AZ41: 176 | BA41: 173 | BB41: 132 | BC41: 90 | BD41: 97 | BE41: 80 | BF41: 105 | BG41: 161 | BH41: 30 | BI41: 1 | BJ41: 4 | BK41: 2 | BL41: 1 | BM41: 0 | BN41: 58 | BO41: 87 | BP41: 70 | BQ41: 86 | BR41: 97 | BS41: 68 | BT41: 44 | BU41: 85 | BV41: 76 | BW41: 80 | BX41: 85 | BY41: 91 | BZ41: 81 | CA41: 67 | CB41: 64 | CC41: 85 | CD41: 4 | CE41: 1
D42: 1 | E42: 2 | F42: 67 | G42: 83 | H42: 22 | I42: 16 | J42: 62 | K42: 106 | L42: 106 | M42: 74 | N42: 66 | O42: 74 | P42: 67 | Q42: 38 | R42: 11 | S42: 14 | T42: 53 | U42: 24 | V42: 1 | W42: 1 | X42: 1 | Y42: 5 | Z42: 1 | AA42: 52 | AB42: 146 | AC42: 83 | AD42: 83 | AE42: 87 | AF42: 133 | AG42: 108 | AH42: 92 | AI42: 100 | AJ42: 97 | AK42: 96 | AL42: 87 | AM42: 116 | AN42: 131 | AO42: 4 | AP42: 4 | AQ42: 2 | AR42: 1 | AS42: 4 | AT42: 4 | AU42: 3 | AV42: 97 | AW42: 139 | AX42: 77 | AY42: 85 | AZ42: 125 | BA42: 107 | BB42: 86 | BC42: 94 | BD42: 93 | BE42: 92 | BF42: 108 | BG42: 162 | BH42: 36 | BI42: 1 | BJ42: 4 | BK42: 2 | BL42: 1 | BM42: 0 | BN42: 48 | BO42: 102 | BP42: 74 | BQ42: 87 | BR42: 96 | BS42: 49 | BT42: 52 | BU42: 89 | BV42: 79 | BW42: 84 | BX42: 80 | BY42: 78 | BZ42: 77 | CA42: 71 | CB42: 69 | CC42: 83 | CD42: 1 | CE42: 1
... D52: 0 | E52: 1 | F52: 1 | G52: 1 | H52: 1 | I52: 2 | J52: 1 | K52: 2 | L52: 2 | M52: 1 | N52: 1 | O52: 1 | P52: 1 | Q52: 1 | R52: 1 | S52: 1 | T52: 1 | U52: 1 | V52: 1 | W52: 0 | X52: 0 | Y52: 1 | Z52: 1 | AA52: 1 | AB52: 2 | AC52: 2 | AD52: 2 | AE52: 2 | AF52: 2 | AG52: 2 | AH52: 2 | AI52: 2 | AJ52: 2 | AK52: 2 | AL52: 2 | AM52: 2 | AN52: 2 | AO52: 1 | AP52: 1 | AQ52: 0 | AR52: 0 | AS52: 1 | AT52: 1 | AU52: 2 | AV52: 2 | AW52: 2 | AX52: 2 | AY52: 2 | AZ52: 2 | BA52: 2 | BB52: 2 | BC52: 2 | BD52: 2 | BE52: 2 | BF52: 2 | BG52: 2 | BH52: 2 | BI52: 2 | BJ52: 1 | BK52: 0 | BL52: 0 | BM52: 1 | BN52: 1 | BO52: 1 | BP52: 1 | BQ52: 1 | BR52: 1 | BS52: 1 | BT52: 1 | BU52: 1 | BV52: 1 | BW52: 1 | BX52: 1 | BY52: 1 | BZ52: 1 | CA52: 1 | CB52: 1 | CC52: 1 | CD52: 1 | CE52: 0
C53: Class 3 | D53: 0 | E53: 1 | F53: 1 | G53: 1 | H53: 1 | I53: 1 | J53: 1 | K53: 1 | L53: 2 | M53: 1 | N53: 1 | O53: 2 | P53: 2 | Q53: 2 | R53: 2 | S53: 1 | T53: 1 | U53: 1 | V53: 1 | W53: 0 | X53: 1 | Y53: 1 | Z53: 1 | AA53: 1 | AB53: 1 | AC53: 1 | AD53: 1 | AE53: 1 | AF53: 1 | AG53: 1 | AH53: 1 | AI53: 1 | AJ53: 1 | AK53: 1 | AL53: 1 | AM53: 1 | AN53: 1 | AO53: 1 | AP53: 1 | AQ53: 1 | AR53: 15 | AS53: 15 | AT53: 16 | AU53: 16 | AV53: 16 | AW53: 16 | AX53: 16 | AY53: 16 | AZ53: 17 | BA53: 16 | BB53: 16 | BC53: 16 | BD53: 16 | BE53: 17 | BF53: 17 | BG53: 16 | BH53: 16 | BI53: 16 | BJ53: 16 | BK53: 16 | BL53: 0 | BM53: 0 | BN53: 0 | BO53: 0 | BP53: 0 | BQ53: 0 | BR53: 0 | BS53: 4 | BT53: 11 | BU53: 18 | BV53: 16 | BW53: 12 | BX53: 7 | BY53: 2 | BZ53: 0 | CA53: 0 | CB53: 0 | CC53: 0 | CD53: 0 | CE53: 0
C54: No tumor | D54: 0 | E54: 2 | F54: 3 | G54: 3 | H54: 3 | I54: 3 | J54: 3 | K54: 1 | L54: 0 | M54: 0 | N54: 0 | O54: 0 | P54: 1 | Q54: 3 | R54: 3 | S54: 3 | T54: 2 | U54: 3 | V54: 2 | W54: 0 | X54: 1 | Y54: 1 | Z54: 1 | AA54: 1 | AB54: 1 | AC54: 1 | AD54: 1 | AE54: 1 | AF54: 1 | AG54: 1 | AH54: 1 | AI54: 1 | AJ54: 1 | AK54: 1 | AL54: 1 | AM54: 1 | AN54: 1 | AO54: 1 | AP54: 1 | AQ54: 1 | AR54: 15 | AS54: 15 | AT54: 16 | AU54: 17 | AV54: 17 | AW54: 16 | AX54: 16 | AY54: 15 | AZ54: 15 | BA54: 15 | BB54: 15 | BC54: 15 | BD54: 16 | BE54: 17 | BF54: 17 | BG54: 16 | BH54: 16 | BI54: 16 | BJ54: 16 | BK54: 16 | BL54: 0 | BM54: 0 | BN54: 0 | BO54: 0 | BP54: 0 | BQ54: 14 | BR54: 32 | BS54: 48 | BT54: 49 | BU54: 26 | BV54: 27 | BW54: 39 | BX54: 52 | BY54: 48 | BZ54: 35 | CA54: 20 | CB54: 1 | CC54: 0 | CD54: 0 | CE54: 0
D55: 0 | E55: 2 | F55: 3 | G55: 3 | H55: 3 | I55: 2 | J55: 0 | K55: 17 | L55: 33 | M55: 31 | N55: 38 | O55: 31 | P55: 10 | Q55: 0 | R55: 2 | S55: 3 | T55: 3 | U55: 3 | V55: 1 | W55: 0 | X55: 1 | Y55: 1 | Z55: 1 | AA55: 1 | AB55: 1 | AC55: 1 | AD55: 0 | AE55: 0 | AF55: 0 | AG55: 3 | AH55: 4 | AI55: 2 | AJ55: 0 | AK55: 0 | AL55: 1 | AM55: 1 | AN55: 1 | AO55: 1 | AP55: 1 | AQ55: 1 | AR55: 16 | AS55: 16 | AT55: 16 | AU55: 16 | AV55: 16 | AW55: 15 | AX55: 17 | AY55: 22 | AZ55: 29 | BA55: 30 | BB55: 31 | BC55: 31 | BD55: 28 | BE55: 23 | BF55: 18 | BG55: 16 | BH55: 16 | BI55: 16 | BJ55: 16 | BK55: 16 | BL55: 0 | BM55: 0 | BN55: 0 | BO55: 7 | BP55: 31 | BQ55: 67 | BR55: 110 | BS55: 121 | BT55: 134 | BU55: 120 | BV55: 93 | BW55: 42 | BX55: 95 | BY55: 129 | BZ55: 115 | CA55: 54 | CB55: 34 | CC55: 13 | CD55: 0 | CE55: 0
D56: 0 | E56: 3 | F56: 3 | G56: 4 | H56: 2 | I56: 12 | J56: 63 | K56: 99 | L56: 96 | M56: 109 | N56: 103 | O56: 116 | P56: 109 | Q56: 56 | R56: 6 | S56: 3 | T56: 3 | U56: 4 | V56: 2 | W56: 0 | X56: 1 | Y56: 1 | Z56: 1 | AA56: 1 | AB56: 1 | AC56: 0 | AD56: 8 | AE56: 35 | AF56: 50 | AG56: 53 | AH56: 54 | AI56: 65 | AJ56: 62 | AK56: 11 | AL56: 0 | AM56: 1 | AN56: 1 | AO56: 1 | AP56: 1 | AQ56: 1 | AR56: 16 | AS56: 17 | AT56: 17 | AU56: 17 | AV56: 15 | AW56: 21 | AX56: 33 | AY56: 42 | AZ56: 40 | BA56: 42 | BB56: 30 | BC56: 33 | BD56: 31 | BE56: 28 | BF56: 33 | BG56: 24 | BH56: 16 | BI56: 17 | BJ56: 16 | BK56: 16 | BL56: 0 | BM56: 0 | BN56: 5 | BO56: 42 | BP56: 69 | BQ56: 134 | BR56: 140 | BS56: 170 | BT56: 141 | BU56: 95 | BV56: 117 | BW56: 132 | BX56: 125 | BY56: 112 | BZ56: 139 | CA56: 140 | CB56: 70 | CC56: 47 | CD56: 20 | CE56: 0
D57: 0 | E57: 2 | F57: 3 | G57: 2 | H57: 16 | I57: 76 | J57: 75 | K57: 55 | L57: 55 | M57: 48 | N57: 57 | O57: 61 | P57: 59 | Q57: 100 | R57: 66 | S57: 3 | T57: 3 | U57: 3 | V57: 2 | W57: 0 | X57: 1 | Y57: 1 | Z57: 1 | AA57: 1 | AB57: 0 | AC57: 22 | AD57: 61 | AE57: 54 | AF57: 73 | AG57: 105 | AH57: 29 | AI57: 30 | AJ57: 62 | AK57: 91 | AL57: 34 | AM57: 0 | AN57: 1 | AO57: 1 | AP57: 1 | AQ57: 1 | AR57: 18 | AS57: 17 | AT57: 17 | AU57: 16 | AV57: 29 | AW57: 36 | AX57: 61 | AY57: 93 | AZ57: 89 | BA57: 91 | BB57: 73 | BC57: 88 | BD57: 86 | BE57: 69 | BF57: 39 | BG57: 39 | BH57: 29 | BI57: 16 | BJ57: 17 | BK57: 17 | BL57: 0 | BM57: 0 | BN57: 47 | BO57: 56 | BP57: 122 | BQ57: 99 | BR57: 81 | BS57: 92 | BT57: 87 | BU57: 102 | BV57: 136 | BW57: 153 | BX57: 111 | BY57: 97 | BZ57: 135 | CA57: 150 | CB57: 117 | CC57: 84 | CD57: 50 | CE57: 15
D58: 0 | E58: 2 | F58: 3 | G58: 4 | H58: 66 | I58: 62 | J58: 61 | K58: 72 | L58: 68 | M58: 49 | N58: 60 | O58: 71 | P58: 66 | Q58: 62 | R58: 93 | S58: 34 | T58: 0 | U58: 4 | V58: 2 | W58: 0 | X58: 1 | Y58: 1 | Z58: 1 | AA58: 0 | AB58: 8 | AC58: 50 | AD58: 50 | AE58: 39 | AF58: 93 | AG58: 139 | AH58: 130 | AI58: 136 | AJ58: 74 | AK58: 79 | AL58: 98 | AM58: 27 | AN58: 0 | AO58: 1 | AP58: 1 | AQ58: 1 | AR58: 18 | AS58: 18 | AT58: 16 | AU58: 30 | AV58: 34 | AW58: 70 | AX58: 100 | AY58: 97 | AZ58: 90 | BA58: 102 | BB58: 88 | BC58: 96 | BD58: 93 | BE58: 102 | BF58: 100 | BG58: 64 | BH58: 36 | BI58: 32 | BJ58: 16 | BK58: 17 | BL58: 0 | BM58: 41 | BN58: 48 | BO58: 109 | BP58: 97 | BQ58: 92 | BR58: 87 | BS58: 77 | BT58: 69 | BU58: 101 | BV58: 133 | BW58: 146 | BX58: 145 | BY58: 91 | BZ58: 93 | CA58: 91 | CB58: 84 | CC58: 115 | CD58: 58 | CE58: 44
D59: 0 | E59: 2 | F59: 0 | G59: 25 | H59: 70 | I59: 64 | J59: 75 | K59: 79 | L59: 73 | M59: 57 | N59: 66 | O59: 78 | P59: 77 | Q59: 66 | R59: 64 | S59: 76 | T59: 9 | U59: 2 | V59: 2 | W59: 0 | X59: 1 | Y59: 1 | Z59: 1 | AA59: 1 | AB59: 36 | AC59: 47 | AD59: 50 | AE59: 73 | AF59: 92 | AG59: 102 | AH59: 139 | AI59: 115 | AJ59: 125 | AK59: 95 | AL59: 96 | AM59: 96 | AN59: 6 | AO59: 1 | AP59: 1 | AQ59: 1 | AR59: 19 | AS59: 17 | AT59: 26 | AU59: 40 | AV59: 61 | AW59: 102 | AX59: 92 | AY59: 94 | AZ59: 102 | BA59: 109 | BB59: 105 | BC59: 106 | BD59: 95 | BE59: 99 | BF59: 104 | BG59: 102 | BH59: 49 | BI59: 50 | BJ59: 26 | BK59: 17 | BL59: 27 | BM59: 69 | BN59: 52 | BO59: 110 | BP59: 82 | BQ59: 93 | BR59: 93 | BS59: 74 | BT59: 72 | BU59: 95 | BV59: 138 | BW59: 127 | BX59: 98 | BY59: 75 | BZ59: 70 | CA59: 72 | CB59: 87 | CC59: 113 | CD59: 104 | CE59: 56
D60: 0 | E60: 2 | F60: 4 | G60: 60 | H60: 63 | I60: 70 | J60: 78 | K60: 80 | L60: 78 | M60: 65 | N60: 74 | O60: 77 | P60: 75 | Q60: 73 | R60: 62 | S60: 83 | T60: 48 | U60: 2 | V60: 2 | W60: 0 | X60: 1 | Y60: 1 | Z60: 0 | AA60: 18 | AB60: 38 | AC60: 61 | AD60: 90 | AE60: 107 | AF60: 84 | AG60: 107 | AH60: 139 | AI60: 107 | AJ60: 131 | AK60: 139 | AL60: 118 | AM60: 87 | AN60: 48 | AO60: 0 | AP60: 1 | AQ60: 1 | AR60: 19 | AS60: 18 | AT60: 42 | AU60: 45 | AV60: 92 | AW60: 97 | AX60: 98 | AY60: 108 | AZ60: 109 | BA60: 108 | BB60: 100 | BC60: 109 | BD60: 109 | BE60: 111 | BF60: 101 | BG60: 105 | BH60: 92 | BI60: 44 | BJ60: 46 | BK60: 18 | BL60: 70 | BM60: 39 | BN60: 109 | BO60: 173 | BP60: 114 | BQ60: 130 | BR60: 97 | BS60: 81 | BT60: 104 | BU60: 75 | BV60: 124 | BW60: 132 | BX60: 75 | BY60: 77 | BZ60: 78 | CA60: 84 | CB60: 92 | CC60: 89 | CD60: 108 | CE60: 54
D61: 0 | E61: 0 | F61: 26 | G61: 73 | H61: 63 | I61: 71 | J61: 69 | K61: 78 | L61: 72 | M61: 76 | N61: 65 | O61: 69 | P61: 70 | Q61: 66 | R61: 61 | S61: 65 | T61: 74 | U61: 15 | V61: 0 | W61: 0 | X61: 1 | Y61: 1 | Z61: 0 | AA61: 34 | AB61: 25 | AC61: 78 | AD61: 92 | AE61: 95 | AF61: 77 | AG61: 99 | AH61: 123 | AI61: 87 | AJ61: 101 | AK61: 127 | AL61: 125 | AM61: 54 | AN61: 74 | AO61: 4 | AP61: 1 | AQ61: 1 | AR61: 19 | AS61: 25 | AT61: 41 | AU61: 58 | AV61: 100 | AW61: 96 | AX61: 106 | AY61: 121 | AZ61: 103 | BA61: 89 | BB61: 90 | BC61: 82 | BD61: 111 | BE61: 120 | BF61: 101 | BG61: 98 | BH61: 109 | BI61: 47 | BJ61: 54 | BK61: 24 | BL61: 62 | BM61: 41 | BN61: 163 | BO61: 197 | BP61: 169 | BQ61: 107 | BR61: 94 | BS61: 123 | BT61: 146 | BU61: 115 | BV61: 141 | BW61: 111 | BX61: 114 | BY61: 116 | BZ61: 77 | CA61: 121 | CB61: 108 | CC61: 117 | CD61: 116 | CE61: 41
D62: 0 | E62: 0 | F62: 56 | G62: 70 | H62: 61 | I62: 73 | J62: 69 | K62: 81 | L62: 78 | M62: 46 | N62: 51 | O62: 81 | P62: 76 | Q62: 57 | R62: 59 | S62: 54 | T62: 93 | U62: 43 | V62: 0 | W62: 0 | X62: 1 | Y62: 0 | Z62: 7 | AA62: 35 | AB62: 19 | AC62: 97 | AD62: 116 | AE62: 104 | AF62: 95 | AG62: 108 | AH62: 108 | AI62: 113 | AJ62: 125 | AK62: 140 | AL62: 135 | AM62: 50 | AN62: 63 | AO62: 22 | AP62: 0 | AQ62: 1 | AR62: 20 | AS62: 34 | AT62: 37 | AU62: 76 | AV62: 107 | AW62: 104 | AX62: 109 | AY62: 112 | AZ62: 123 | BA62: 79 | BB62: 89 | BC62: 105 | BD62: 119 | BE62: 111 | BF62: 107 | BG62: 109 | BH62: 110 | BI62: 61 | BJ62: 48 | BK62: 28 | BL62: 31 | BM62: 100 | BN62: 164 | BO62: 163 | BP62: 130 | BQ62: 105 | BR62: 113 | BS62: 160 | BT62: 153 | BU62: 149 | BV62: 161 | BW62: 144 | BX62: 158 | BY62: 155 | BZ62: 99 | CA62: 115 | CB62: 163 | CC62: 206 | CD62: 165 | CE62: 42
D63: 0 | E63: 2 | F63: 70 | G63: 66 | H63: 67 | I63: 72 | J63: 74 | K63: 83 | L63: 80 | M63: 52 | N63: 58 | O63: 82 | P63: 81 | Q63: 65 | R63: 60 | S63: 46 | T63: 84 | U63: 67 | V63: 2 | W63: 0 | X63: 1 | Y63: 0 | Z63: 19 | AA63: 27 | AB63: 50 | AC63: 121 | AD63: 119 | AE63: 104 | AF63: 93 | AG63: 122 | AH63: 137 | AI63: 103 | AJ63: 119 | AK63: 147 | AL63: 171 | AM63: 95 | AN63: 40 | AO63: 41 | AP63: 0 | AQ63: 1 | AR63: 24 | AS63: 41 | AT63: 42 | AU63: 102 | AV63: 103 | AW63: 107 | AX63: 116 | AY63: 115 | AZ63: 122 | BA63: 82 | BB63: 69 | BC63: 117 | BD63: 122 | BE63: 132 | BF63: 121 | BG63: 108 | BH63: 111 | BI63: 76 | BJ63: 41 | BK63: 34 | BL63: 65 | BM63: 111 | BN63: 116 | BO63: 182 | BP63: 129 | BQ63: 114 | BR63: 139 | BS63: 126 | BT63: 111 | BU63: 136 | BV63: 182 | BW63: 141 | BX63: 137 | BY63: 144 | BZ63: 106 | CA63: 97 | CB63: 145 | CC63: 145 | CD63: 162 | CE63: 49
D64: 0 | E64: 5 | F64: 68 | G64: 69 | H64: 70 | I64: 67 | J64: 75 | K64: 83 | L64: 80 | M64: 71 | N64: 71 | O64: 79 | P64: 83 | Q64: 67 | R64: 53 | S64: 57 | T64: 63 | U64: 78 | V64: 10 | W64: 0 | X64: 1 | Y64: 0 | Z64: 35 | AA64: 31 | AB64: 90 | AC64: 128 | AD64: 125 | AE64: 94 | AF64: 70 | AG64: 106 | AH64: 126 | AI64: 86 | AJ64: 100 | AK64: 133 | AL64: 160 | AM64: 127 | AN64: 32 | AO64: 50 | AP64: 0 | AQ64: 1 | AR64: 29 | AS64: 38 | AT64: 69 | AU64: 106 | AV64: 101 | AW64: 111 | AX64: 115 | AY64: 114 | AZ64: 115 | BA64: 109 | BB64: 99 | BC64: 114 | BD64: 120 | BE64: 142 | BF64: 122 | BG64: 100 | BH64: 109 | BI64: 107 | BJ64: 44 | BK64: 38 | BL64: 104 | BM64: 121 | BN64: 83 | BO64: 141 | BP64: 129 | BQ64: 122 | BR64: 162 | BS64: 119 | BT64: 86 | BU64: 134 | BV64: 201 | BW64: 93 | BX64: 90 | BY64: 131 | BZ64: 124 | CA64: 103 | CB64: 139 | CC64: 117 | CD64: 99 | CE64: 59
D65: 0 | E65: 9 | F65: 83 | G65: 62 | H65: 63 | I65: 59 | J65: 73 | K65: 78 | L65: 78 | M65: 67 | N65: 68 | O65: 76 | P65: 79 | Q65: 64 | R65: 65 | S65: 53 | T65: 58 | U65: 89 | V65: 17 | W65: 0 | X65: 1 | Y65: 0 | Z65: 45 | AA65: 45 | AB65: 97 | AC65: 113 | AD65: 128 | AE65: 89 | AF65: 72 | AG65: 102 | AH65: 111 | AI65: 72 | AJ65: 85 | AK65: 129 | AL65: 126 | AM65: 107 | AN65: 44 | AO65: 51 | AP65: 1 | AQ65: 1 | AR65: 33 | AS65: 39 | AT65: 89 | AU65: 108 | AV65: 100 | AW65: 99 | AX65: 113 | AY65: 122 | AZ65: 134 | BA65: 129 | BB65: 100 | BC65: 138 | BD65: 137 | BE65: 122 | BF65: 100 | BG65: 88 | BH65: 109 | BI65: 108 | BJ65: 47 | BK65: 39 | BL65: 106 | BM65: 93 | BN65: 91 | BO65: 91 | BP65: 109 | BQ65: 118 | BR65: 116 | BS65: 93 | BT65: 91 | BU65: 120 | BV65: 148 | BW65: 83 | BX65: 83 | BY65: 148 | BZ65: 136 | CA65: 109 | CB65: 131 | CC65: 94 | CD65: 104 | CE65: 72
D66: 0 | E66: 8 | F66: 88 | G66: 66 | H66: 66 | I66: 64 | J66: 72 | K66: 78 | L66: 74 | M66: 62 | N66: 62 | O66: 72 | P66: 78 | Q66: 72 | R66: 57 | S66: 57 | T66: 52 | U66: 85 | V66: 12 | W66: 0 | X66: 1 | Y66: 1 | Z66: 53 | AA66: 65 | AB66: 100 | AC66: 94 | AD66: 116 | AE66: 97 | AF66: 98 | AG66: 121 | AH66: 121 | AI66: 92 | AJ66: 93 | AK66: 119 | AL66: 106 | AM66: 94 | AN66: 59 | AO66: 48 | AP66: 3 | AQ66: 1 | AR66: 34 | AS66: 44 | AT66: 101 | AU66: 98 | AV66: 96 | AW66: 80 | AX66: 95 | AY66: 117 | AZ66: 137 | BA66: 117 | BB66: 85 | BC66: 118 | BD66: 132 | BE66: 120 | BF66: 91 | BG66: 97 | BH66: 101 | BI66: 104 | BJ66: 47 | BK66: 40 | BL66: 111 | BM66: 102 | BN66: 98 | BO66: 104 | BP66: 81 | BQ66: 103 | BR66: 92 | BS66: 105 | BT66: 102 | BU66: 111 | BV66: 110 | BW66: 94 | BX66: 86 | BY66: 92 | BZ66: 109 | CA66: 103 | CB66: 104 | CC66: 121 | CD66: 136 | CE66: 102
... D76: 0 | E76: 0 | F76: 1 | G76: 1 | H76: 1 | I76: 1 | J76: 1 | K76: 1 | L76: 1 | M76: 1 | N76: 1 | O76: 1 | P76: 1 | Q76: 1 | R76: 1 | S76: 1 | T76: 1 | U76: 1 | V76: 0 | W76: 0 | X76: 1 | Y76: 1 | Z76: 1 | AA76: 1 | AB76: 1 | AC76: 1 | AD76: 1 | AE76: 1 | AF76: 4 | AG76: 3 | AH76: 1 | AI76: 0 | AJ76: 0 | AK76: 1 | AL76: 1 | AM76: 1 | AN76: 1 | AO76: 1 | AP76: 1 | AQ76: 1 | AR76: 15 | AS76: 16 | AT76: 16 | AU76: 16 | AV76: 17 | AW76: 16 | AX76: 15 | AY76: 15 | AZ76: 16 | BA76: 16 | BB76: 15 | BC76: 14 | BD76: 14 | BE76: 15 | BF76: 15 | BG76: 15 | BH76: 15 | BI76: 15 | BJ76: 15 | BK76: 15 | BL76: 0 | BM76: 0 | BN76: 0 | BO76: 0 | BP76: 0 | BQ76: 2 | BR76: 19 | BS76: 40 | BT76: 49 | BU76: 47 | BV76: 42 | BW76: 43 | BX76: 30 | BY76: 10 | BZ76: 0 | CA76: 0 | CB76: 0 | CC76: 0 | CD76: 0 | CE76: 0
C77: Class 4 | D77: 4 | E77: 4 | F77: 4 | G77: 4 | H77: 4 | I77: 4 | J77: 4 | K77: 4 | L77: 3 | M77: 4 | N77: 3 | O77: 4 | P77: 4 | Q77: 4 | R77: 4 | S77: 4 | T77: 4 | U77: 4 | V77: 4 | W77: 4 | X77: 15 | Y77: 15 | Z77: 15 | AA77: 15 | AB77: 15 | AC77: 13 | AD77: 9 | AE77: 10 | AF77: 24 | AG77: 37 | AH77: 40 | AI77: 28 | AJ77: 12 | AK77: 9 | AL77: 13 | AM77: 15 | AN77: 15 | AO77: 15 | AP77: 15 | AQ77: 15 | AR77: 0 | AS77: 0 | AT77: 1 | AU77: 1 | AV77: 1 | AW77: 1 | AX77: 1 | AY77: 1 | AZ77: 1 | BA77: 0 | BB77: 0 | BC77: 1 | BD77: 1 | BE77: 1 | BF77: 1 | BG77: 1 | BH77: 1 | BI77: 1 | BJ77: 1 | BK77: 1 | BL77: 0 | BM77: 0 | BN77: 0 | BO77: 0 | BP77: 0 | BQ77: 0 | BR77: 0 | BS77: 0 | BT77: 3 | BU77: 9 | BV77: 1 | BW77: 0 | BX77: 0 | BY77: 0 | BZ77: 0 | CA77: 0 | CB77: 0 | CC77: 0 | CD77: 0 | CE77: 0
C78: Pituitary | D78: 5 | E78: 5 | F78: 5 | G78: 5 | H78: 4 | I78: 2 | J78: 1 | K78: 5 | L78: 9 | M78: 8 | N78: 5 | O78: 3 | P78: 1 | Q78: 2 | R78: 4 | S78: 5 | T78: 5 | U78: 5 | V78: 5 | W78: 5 | X78: 15 | Y78: 15 | Z78: 15 | AA78: 14 | AB78: 10 | AC78: 23 | AD78: 70 | AE78: 129 | AF78: 153 | AG78: 150 | AH78: 152 | AI78: 154 | AJ78: 133 | AK78: 81 | AL78: 26 | AM78: 9 | AN78: 14 | AO78: 15 | AP78: 15 | AQ78: 15 | AR78: 5 | AS78: 5 | AT78: 5 | AU78: 5 | AV78: 5 | AW78: 5 | AX78: 4 | AY78: 3 | AZ78: 5 | BA78: 30 | BB78: 37 | BC78: 8 | BD78: 3 | BE78: 3 | BF78: 4 | BG78: 5 | BH78: 5 | BI78: 6 | BJ78: 5 | BK78: 5 | BL78: 6 | BM78: 6 | BN78: 6 | BO78: 4 | BP78: 13 | BQ78: 22 | BR78: 12 | BS78: 16 | BT78: 59 | BU78: 65 | BV78: 57 | BW78: 23 | BX78: 28 | BY78: 38 | BZ78: 28 | CA78: 8 | CB78: 5 | CC78: 7 | CD78: 7 | CE78: 7
D79: 6 | E79: 6 | F79: 6 | G79: 3 | H79: 5 | I79: 40 | J79: 83 | K79: 106 | L79: 114 | M79: 111 | N79: 106 | O79: 96 | P79: 76 | Q79: 40 | R79: 7 | S79: 2 | T79: 5 | U79: 5 | V79: 6 | W79: 6 | X79: 15 | Y79: 15 | Z79: 12 | AA79: 15 | AB79: 78 | AC79: 160 | AD79: 159 | AE79: 113 | AF79: 81 | AG79: 76 | AH79: 72 | AI79: 80 | AJ79: 98 | AK79: 137 | AL79: 158 | AM79: 94 | AN79: 18 | AO79: 11 | AP79: 15 | AQ79: 15 | AR79: 6 | AS79: 6 | AT79: 6 | AU79: 5 | AV79: 3 | AW79: 9 | AX79: 21 | AY79: 22 | AZ79: 43 | BA79: 70 | BB79: 76 | BC79: 47 | BD79: 22 | BE79: 21 | BF79: 13 | BG79: 3 | BH79: 5 | BI79: 6 | BJ79: 6 | BK79: 6 | BL79: 10 | BM79: 10 | BN79: 9 | BO79: 51 | BP79: 85 | BQ79: 74 | BR79: 87 | BS79: 84 | BT79: 64 | BU79: 72 | BV79: 54 | BW79: 89 | BX79: 69 | BY79: 43 | BZ79: 61 | CA79: 63 | CB79: 17 | CC79: 7 | CD79: 9 | CE79: 9
D80: 7 | E80: 7 | F80: 2 | G80: 25 | H80: 103 | I80: 127 | J80: 101 | K80: 74 | L80: 60 | M80: 60 | N80: 62 | O80: 78 | P80: 103 | Q80: 129 | R80: 106 | S80: 35 | T80: 3 | U80: 6 | V80: 6 | W80: 6 | X80: 15 | Y80: 10 | Z80: 38 | AA80: 131 | AB80: 133 | AC80: 99 | AD80: 78 | AE80: 70 | AF80: 67 | AG80: 74 | AH80: 79 | AI80: 77 | AJ80: 75 | AK80: 76 | AL80: 92 | AM80: 143 | AN80: 131 | AO80: 37 | AP80: 10 | AQ80: 15 | AR80: 6 | AS80: 6 | AT80: 5 | AU80: 7 | AV80: 49 | AW80: 76 | AX80: 80 | AY80: 95 | AZ80: 65 | BA80: 61 | BB80: 78 | BC80: 55 | BD80: 92 | BE80: 83 | BF80: 81 | BG80: 63 | BH80: 16 | BI80: 4 | BJ80: 6 | BK80: 6 | BL80: 9 | BM80: 5 | BN80: 52 | BO80: 115 | BP80: 52 | BQ80: 23 | BR80: 53 | BS80: 102 | BT80: 90 | BU80: 72 | BV80: 68 | BW80: 93 | BX80: 46 | BY80: 12 | BZ80: 36 | CA80: 94 | CB80: 68 | CC80: 14 | CD80: 6 | CE80: 9
D81: 7 | E81: 3 | F81: 48 | G81: 119 | H81: 87 | I81: 54 | J81: 58 | K81: 66 | L81: 57 | M81: 57 | N81: 48 | O81: 45 | P81: 54 | Q81: 52 | R81: 84 | S81: 131 | T81: 63 | U81: 3 | V81: 6 | W81: 6 | X81: 10 | Y81: 50 | Z81: 128 | AA81: 118 | AB81: 88 | AC81: 79 | AD81: 82 | AE81: 85 | AF81: 83 | AG81: 84 | AH81: 85 | AI81: 86 | AJ81: 81 | AK81: 84 | AL81: 81 | AM81: 80 | AN81: 113 | AO81: 135 | AP81: 52 | AQ81: 11 | AR81: 7 | AS81: 6 | AT81: 8 | AU81: 70 | AV81: 76 | AW81: 94 | AX81: 79 | AY81: 99 | AZ81: 88 | BA81: 66 | BB81: 75 | BC81: 81 | BD81: 101 | BE81: 74 | BF81: 92 | BG81: 79 | BH81: 87 | BI81: 18 | BJ81: 5 | BK81: 6 | BL81: 6 | BM81: 25 | BN81: 97 | BO81: 110 | BP81: 60 | BQ81: 26 | BR81: 62 | BS81: 93 | BT81: 94 | BU81: 77 | BV81: 83 | BW81: 75 | BX81: 87 | BY81: 64 | BZ81: 90 | CA81: 75 | CB81: 71 | CC81: 74 | CD81: 18 | CE81: 7
D82: 3 | E82: 37 | F82: 126 | G82: 56 | H82: 54 | I82: 80 | J82: 80 | K82: 80 | L82: 84 | M82: 76 | N82: 70 | O82: 76 | P82: 76 | Q82: 71 | R82: 52 | S82: 63 | T82: 124 | U82: 60 | V82: 2 | W82: 6 | X82: 40 | Y82: 138 | Z82: 105 | AA82: 82 | AB82: 74 | AC82: 85 | AD82: 88 | AE82: 87 | AF82: 88 | AG82: 88 | AH82: 81 | AI82: 89 | AJ82: 89 | AK82: 89 | AL82: 76 | AM82: 78 | AN82: 88 | AO82: 110 | AP82: 133 | AQ82: 43 | AR82: 6 | AS82: 3 | AT82: 45 | AU82: 93 | AV82: 59 | AW82: 92 | AX82: 108 | AY82: 78 | AZ82: 62 | BA82: 64 | BB82: 67 | BC82: 60 | BD82: 63 | BE82: 97 | BF82: 97 | BG82: 51 | BH82: 89 | BI82: 70 | BJ82: 4 | BK82: 6 | BL82: 16 | BM82: 85 | BN82: 80 | BO82: 66 | BP82: 107 | BQ82: 111 | BR82: 121 | BS82: 54 | BT82: 53 | BU82: 85 | BV82: 78 | BW82: 69 | BX82: 103 | BY82: 113 | BZ82: 88 | CA82: 39 | CB82: 51 | CC82: 107 | CD82: 75 | CE82: 10
D83: 5 | E83: 107 | F83: 74 | G83: 47 | H83: 74 | I83: 78 | J83: 87 | K83: 89 | L83: 90 | M83: 82 | N83: 79 | O83: 88 | P83: 83 | Q83: 81 | R83: 81 | S83: 65 | T83: 50 | U83: 124 | V83: 31 | W83: 4 | X83: 116 | Y83: 105 | Z83: 74 | AA83: 81 | AB83: 80 | AC83: 82 | AD83: 86 | AE83: 89 | AF83: 86 | AG83: 82 | AH83: 84 | AI83: 89 | AJ83: 90 | AK83: 87 | AL83: 84 | AM83: 83 | AN83: 65 | AO83: 67 | AP83: 83 | AQ83: 112 | AR83: 5 | AS83: 9 | AT83: 82 | AU83: 102 | AV83: 54 | AW83: 56 | AX83: 97 | AY83: 49 | AZ83: 35 | BA83: 50 | BB83: 55 | BC83: 27 | BD83: 27 | BE83: 87 | BF83: 61 | BG83: 46 | BH83: 96 | BI83: 96 | BJ83: 15 | BK83: 4 | BL83: 61 | BM83: 117 | BN83: 75 | BO83: 53 | BP83: 85 | BQ83: 101 | BR83: 125 | BS83: 72 | BT83: 86 | BU83: 96 | BV83: 61 | BW83: 55 | BX83: 106 | BY83: 83 | BZ83: 67 | CA83: 52 | CB83: 56 | CC83: 98 | CD83: 117 | CE83: 44
D84: 40 | E84: 119 | F84: 59 | G84: 80 | H84: 90 | I84: 86 | J84: 89 | K84: 94 | L84: 92 | M84: 85 | N84: 81 | O84: 87 | P84: 92 | Q84: 91 | R84: 80 | S84: 67 | T84: 50 | U84: 79 | V84: 99 | W84: 3 | X84: 109 | Y84: 68 | Z84: 66 | AA84: 83 | AB84: 87 | AC84: 87 | AD84: 89 | AE84: 91 | AF84: 84 | AG84: 84 | AH84: 87 | AI84: 90 | AJ84: 92 | AK84: 91 | AL84: 88 | AM84: 83 | AN84: 81 | AO84: 66 | AP84: 59 | AQ84: 92 | AR84: 3 | AS84: 26 | AT84: 104 | AU84: 87 | AV84: 44 | AW84: 67 | AX84: 68 | AY84: 61 | AZ84: 51 | BA84: 83 | BB84: 57 | BC84: 38 | BD84: 76 | BE84: 86 | BF84: 75 | BG84: 40 | BH84: 76 | BI84: 108 | BJ84: 31 | BK84: 3 | BL84: 106 | BM84: 123 | BN84: 67 | BO84: 62 | BP84: 59 | BQ84: 53 | BR84: 76 | BS84: 83 | BT84: 45 | BU84: 78 | BV84: 54 | BW84: 53 | BX84: 78 | BY84: 41 | BZ84: 46 | CA84: 48 | CB84: 53 | CC84: 61 | CD84: 119 | CE84: 84
D85: 81 | E85: 92 | F85: 68 | G85: 83 | H85: 92 | I85: 91 | J85: 90 | K85: 93 | L85: 89 | M85: 86 | N85: 85 | O85: 86 | P85: 91 | Q85: 92 | R85: 91 | S85: 87 | T85: 73 | U85: 60 | V85: 122 | W85: 23 | X85: 63 | Y85: 72 | Z85: 81 | AA85: 87 | AB85: 88 | AC85: 90 | AD85: 92 | AE85: 94 | AF85: 91 | AG85: 87 | AH85: 85 | AI85: 93 | AJ85: 95 | AK85: 92 | AL85: 88 | AM85: 86 | AN85: 82 | AO85: 83 | AP85: 76 | AQ85: 67 | AR85: 2 | AS85: 44 | AT85: 107 | AU85: 61 | AV85: 48 | AW85: 47 | AX85: 41 | AY85: 58 | AZ85: 64 | BA85: 17 | BB85: 12 | BC85: 54 | BD85: 62 | BE85: 47 | BF85: 48 | BG85: 54 | BH85: 62 | BI85: 108 | BJ85: 44 | BK85: 2 | BL85: 121 | BM85: 89 | BN85: 56 | BO85: 56 | BP85: 54 | BQ85: 55 | BR85: 51 | BS85: 67 | BT85: 30 | BU85: 16 | BV85: 44 | BW85: 63 | BX85: 55 | BY85: 50 | BZ85: 56 | CA85: 54 | CB85: 54 | CC85: 56 | CD85: 97 | CE85: 103
D86: 103 | E86: 80 | F86: 72 | G86: 90 | H86: 91 | I86: 84 | J86: 88 | K86: 92 | L86: 89 | M86: 59 | N86: 55 | O86: 74 | P86: 91 | Q86: 90 | R86: 91 | S86: 91 | T86: 77 | U86: 56 | V86: 118 | W86: 56 | X86: 53 | Y86: 81 | Z86: 84 | AA86: 89 | AB86: 89 | AC86: 89 | AD86: 91 | AE86: 97 | AF86: 88 | AG86: 80 | AH86: 84 | AI86: 93 | AJ86: 96 | AK86: 90 | AL86: 88 | AM86: 87 | AN86: 81 | AO86: 78 | AP86: 78 | AQ86: 64 | AR86: 2 | AS86: 58 | AT86: 100 | AU86: 54 | AV86: 48 | AW86: 54 | AX86: 52 | AY86: 67 | AZ86: 79 | BA86: 41 | BB86: 18 | BC86: 74 | BD86: 55 | BE86: 51 | BF86: 49 | BG86: 43 | BH86: 62 | BI86: 108 | BJ86: 52 | BK86: 1 | BL86: 111 | BM86: 70 | BN86: 55 | BO86: 60 | BP86: 67 | BQ86: 65 | BR86: 57 | BS86: 49 | BT86: 52 | BU86: 67 | BV86: 67 | BW86: 52 | BX86: 51 | BY86: 61 | BZ86: 63 | CA86: 62 | CB86: 55 | CC86: 52 | CD86: 71 | CE86: 101
D87: 97 | E87: 74 | F87: 60 | G87: 89 | H87: 83 | I87: 80 | J87: 92 | K87: 91 | L87: 89 | M87: 77 | N87: 70 | O87: 87 | P87: 91 | Q87: 93 | R87: 86 | S87: 90 | T87: 68 | U87: 50 | V87: 114 | W87: 77 | X87: 62 | Y87: 77 | Z87: 85 | AA87: 88 | AB87: 84 | AC87: 87 | AD87: 93 | AE87: 94 | AF87: 89 | AG87: 43 | AH87: 58 | AI87: 91 | AJ87: 94 | AK87: 94 | AL87: 85 | AM87: 84 | AN87: 80 | AO87: 77 | AP87: 78 | AQ87: 59 | AR87: 1 | AS87: 67 | AT87: 95 | AU87: 47 | AV87: 55 | AW87: 61 | AX87: 57 | AY87: 56 | AZ87: 74 | BA87: 91 | BB87: 101 | BC87: 74 | BD87: 56 | BE87: 56 | BF87: 58 | BG87: 46 | BH87: 45 | BI87: 103 | BJ87: 56 | BK87: 1 | BL87: 123 | BM87: 73 | BN87: 59 | BO87: 62 | BP87: 70 | BQ87: 71 | BR87: 64 | BS87: 56 | BT87: 71 | BU87: 85 | BV87: 82 | BW87: 66 | BX87: 57 | BY87: 64 | BZ87: 68 | CA87: 65 | CB87: 60 | CC87: 48 | CD87: 72 | CE87: 111
D88: 86 | E88: 63 | F88: 56 | G88: 89 | H88: 69 | I88: 78 | J88: 90 | K88: 88 | L88: 89 | M88: 77 | N88: 84 | O88: 97 | P88: 91 | Q88: 94 | R88: 91 | S88: 74 | T88: 70 | U88: 41 | V88: 105 | W88: 78 | X88: 58 | Y88: 76 | Z88: 83 | AA88: 84 | AB88: 76 | AC88: 90 | AD88: 97 | AE88: 95 | AF88: 95 | AG88: 67 | AH88: 78 | AI88: 95 | AJ88: 96 | AK88: 97 | AL88: 88 | AM88: 78 | AN88: 82 | AO88: 77 | AP88: 71 | AQ88: 47 | AR88: 4 | AS88: 85 | AT88: 74 | AU88: 28 | AV88: 61 | AW88: 65 | AX88: 62 | AY88: 52 | AZ88: 67 | BA88: 80 | BB88: 88 | BC88: 59 | BD88: 55 | BE88: 60 | BF88: 59 | BG88: 51 | BH88: 20 | BI88: 79 | BJ88: 59 | BK88: 1 | BL88: 107 | BM88: 63 | BN88: 60 | BO88: 68 | BP88: 72 | BQ88: 56 | BR88: 59 | BS88: 67 | BT88: 92 | BU88: 73 | BV88: 83 | BW88: 76 | BX88: 60 | BY88: 61 | BZ88: 61 | CA88: 67 | CB88: 62 | CC88: 55 | CD88: 56 | CE88: 104
D89: 79 | E89: 91 | F89: 63 | G89: 82 | H89: 85 | I89: 82 | J89: 81 | K89: 67 | L89: 81 | M89: 79 | N89: 101 | O89: 82 | P89: 69 | Q89: 76 | R89: 63 | S89: 67 | T89: 80 | U89: 34 | V89: 107 | W89: 62 | X89: 49 | Y89: 74 | Z89: 82 | AA89: 59 | AB89: 81 | AC89: 90 | AD89: 94 | AE89: 96 | AF89: 98 | AG89: 91 | AH89: 87 | AI89: 98 | AJ89: 98 | AK89: 95 | AL89: 89 | AM89: 81 | AN89: 62 | AO89: 75 | AP89: 65 | AQ89: 54 | AR89: 24 | AS89: 98 | AT89: 54 | AU89: 49 | AV89: 61 | AW89: 59 | AX89: 54 | AY89: 48 | AZ89: 45 | BA89: 52 | BB89: 52 | BC89: 41 | BD89: 51 | BE89: 58 | BF89: 54 | BG89: 54 | BH89: 41 | BI89: 55 | BJ89: 85 | BK89: 9 | BL89: 106 | BM89: 57 | BN89: 61 | BO89: 68 | BP89: 70 | BQ89: 64 | BR89: 65 | BS89: 58 | BT89: 48 | BU89: 40 | BV89: 37 | BW89: 43 | BX89: 59 | BY89: 66 | BZ89: 63 | CA89: 65 | CB89: 69 | CC89: 65 | CD89: 57 | CE89: 93
D90: 59 | E90: 117 | F90: 52 | G90: 84 | H90: 86 | I90: 85 | J90: 78 | K90: 75 | L90: 86 | M90: 116 | N90: 125 | O90: 85 | P90: 57 | Q90: 64 | R90: 69 | S90: 84 | T90: 69 | U90: 43 | V90: 136 | W90: 41 | X90: 55 | Y90: 68 | Z90: 86 | AA90: 66 | AB90: 76 | AC90: 89 | AD90: 92 | AE90: 88 | AF90: 73 | AG90: 77 | AH90: 78 | AI90: 77 | AJ90: 70 | AK90: 84 | AL90: 89 | AM90: 80 | AN90: 60 | AO90: 80 | AP90: 63 | AQ90: 72 | AR90: 13 | AS90: 70 | AT90: 42 | AU90: 57 | AV90: 45 | AW90: 42 | AX90: 51 | AY90: 40 | AZ90: 60 | BA90: 65 | BB90: 65 | BC90: 56 | BD90: 47 | BE90: 59 | BF90: 36 | BG90: 51 | BH90: 56 | BI90: 50 | BJ90: 57 | BK90: 12 | BL90: 93 | BM90: 53 | BN90: 67 | BO90: 72 | BP90: 69 | BQ90: 68 | BR90: 69 | BS90: 51 | BT90: 57 | BU90: 63 | BV90: 63 | BW90: 55 | BX90: 54 | BY90: 66 | BZ90: 63 | CA90: 65 | CB90: 70 | CC90: 65 | CD90: 64 | CE90: 75
... D100: 3 | E100: 76 | F100: 95 | G100: 72 | H100: 66 | I100: 22 | J100: 44 | K100: 68 | L100: 65 | M100: 62 | N100: 64 | O100: 64 | P100: 45 | Q100: 31 | R100: 56 | S100: 73 | T100: 78 | U100: 76 | V100: 12 | W100: 3 | X100: 82 | Y100: 80 | Z100: 82 | AA100: 57 | AB100: 91 | AC100: 83 | AD100: 75 | AE100: 85 | AF100: 94 | AG100: 58 | AH100: 35 | AI100: 62 | AJ100: 96 | AK100: 76 | AL100: 72 | AM100: 79 | AN100: 76 | AO100: 56 | AP100: 65 | AQ100: 72 | AR100: 2 | AS100: 3 | AT100: 3 | AU100: 3 | AV100: 3 | AW100: 0 | AX100: 8 | AY100: 42 | AZ100: 73 | BA100: 85 | BB100: 80 | BC100: 64 | BD100: 47 | BE100: 5 | BF100: 0 | BG100: 3 | BH100: 3 | BI100: 3 | BJ100: 3 | BK100: 3 | BL100: 5 | BM100: 5 | BN100: 3 | BO100: 50 | BP100: 111 | BQ100: 70 | BR100: 62 | BS100: 62 | BT100: 65 | BU100: 60 | BV100: 61 | BW100: 67 | BX100: 63 | BY100: 62 | BZ100: 67 | CA100: 69 | CB100: 106 | CC100: 33 | CD100: 2 | CE100: 5

Sheet Perceptron
B2: P | C2: E | D2: R | E2: C | F2: E | G2: P | H2: T | I2: R | J2: O | K2: N | M2: Core of a Neural Net
G4: 1 | H4: 2 | I4: 3 | J4: 4 | K4: 5 | L4: 6 | M4: 7 | N4: 8 | O4: 9 | P4: 10 | Q4: 11 | R4: 12 | S4: 13 | T4: 14 | U4: 15 | V4: 16 | W4: 17 | X4: 18 | Y4: 19 | Z4: 20
F5: 1 | G5: {=OFFSET('Dataset-Tumor'!D5, 24*(E6-1), 20*(E7-1), 24, 20)} -> 0 | H5: 0 | I5: 0 | J5: 0 | K5: 1 | L5: 1 | M5: 1 | N5: 1 | O5: 1 | P5: 1 | Q5: 1 | R5: 1 | S5: 1 | T5: 1 | U5: 1 | V5: 1 | W5: 0 | X5: 0 | Y5: 0 | Z5: 0 | AH5: X | AM5: X: Normalized
D6: Class # | E6: 2 | F6: 2 | G6: 0 | H6: 3 | I6: 4 | J6: 4 | K6: 4 | L6: 4 | M6: 4 | N6: 4 | O6: 4 | P6: 4 | Q6: 4 | R6: 3 | S6: 3 | T6: 3 | U6: 4 | V6: 3 | W6: 4 | X6: 4 | Y6: 3 | Z6: 0 | AH6: {=N15:P17} -> 113 | AI6: 163 | AJ6: 165 | AM6: {=ROUND((_xlfn.ANCHORARRAY(AH6)-127.5)/127.5,1)} -> -0.1 | AN6: 0.3 | AO6: 0.3
D7: Sample # | E7: 2 | F7: 3 | G7: 0 | H7: 3 | I7: 4 | J7: 4 | K7: 3 | L7: 4 | M7: 4 | N7: 4 | O7: 4 | P7: 4 | Q7: 4 | R7: 4 | S7: 4 | T7: 3 | U7: 4 | V7: 3 | W7: 4 | X7: 4 | Y7: 3 | Z7: 0 | AH7: 140 | AI7: 161 | AJ7: 161 | AM7: 0.1 | AN7: 0.3 | AO7: 0.3
F8: 4 | G8: 0 | H8: 3 | I8: 4 | J8: 4 | K8: 4 | L8: 4 | M8: 4 | N8: 5 | O8: 5 | P8: 4 | Q8: 4 | R8: 5 | S8: 4 | T8: 4 | U8: 4 | V8: 3 | W8: 4 | X8: 4 | Y8: 4 | Z8: 0 | AH8: 111 | AI8: 189 | AJ8: 181 | AM8: -0.1 | AN8: 0.5 | AO8: 0.4 | AS8: X | AU8: W | AX8: b | BF8: X
E9: ȳ=OHE | F9: 5 | G9: 0 | H9: 3 | I9: 4 | J9: 3 | K9: 4 | L9: 5 | M9: 5 | N9: 2 | O9: 2 | P9: 6 | Q9: 6 | R9: 1 | S9: 1 | T9: 4 | U9: 4 | V9: 3 | W9: 3 | X9: 4 | Y9: 4 | Z9: 1 | AS9: {=_xlfn.ANCHORARRAY(AN12)} -> -0.1 | AU9: {=TRANSPOSE(AC25:AK25)} -> 1 | AX9: =AL25 -> 1 | BF9: {=_xlfn.ANCHORARRAY(AN12)} -> -0.1
D10: Glioma | E10: {=TRANSPOSE(IF(_xlfn.SEQUENCE(1,COUNT([0]!Classes),1,1)=E6,1,0))} -> 0 | F10: 6 | G10: 1 | H10: 3 | I10: 4 | J10: 4 | K10: 5 | L10: 5 | M10: 4 | N10: 44 | O10: 105 | P10: 130 | Q10: 132 | R10: 108 | S10: 48 | T10: 3 | U10: 4 | V10: 4 | W10: 4 | X10: 4 | Y10: 4 | Z10: 1 | AN10: Feature Vector | AS10: 0.3 | AU10: 1 | BF10: 0.3
D11: Meningioma | E11: 1 | F11: 7 | G11: 1 | H11: 4 | I11: 4 | J11: 5 | K11: 5 | L11: 4 | M11: 71 | N11: 144 | O11: 115 | P11: 98 | Q11: 102 | R11: 129 | S11: 155 | T11: 79 | U11: 1 | V11: 5 | W11: 4 | X11: 4 | Y11: 4 | Z11: 1 | AN11: X: Flatten | AS11: 0.3 | AU11: 0 | BF11: 0.3 | BM11: y
D12: No tumor | E12: 0 | F12: 8 | G12: 1 | H12: 4 | I12: 5 | J12: 5 | K12: 2 | L12: 44 | M12: 137 | N12: 76 | O12: 63 | P12: 85 | Q12: 95 | R12: 63 | S12: 79 | T12: 153 | U12: 57 | V12: 1 | W12: 5 | X12: 4 | Y12: 4 | Z12: 1 | AN12: {=_xlfn.TOCOL(_xlfn.ANCHORARRAY(AM6))} -> -0.1 | AS12: 0.1 | AU12: 0 | BF12: 0.1 | BK12: {=_xlfn.ANCHORARRAY(AN24)} -> 1.9 | BM12: {=_xlfn.ANCHORARRAY(AT24)} -> 0.29
D13: Pituitary | E13: 0 | F13: 9 | G13: 1 | H13: 4 | I13: 5 | J13: 5 | K13: 10 | L13: 112 | M13: 106 | N13: 64 | O13: 71 | P13: 87 | Q13: 91 | R13: 80 | S13: 72 | T13: 103 | U13: 147 | V13: 18 | W13: 3 | X13: 5 | Y13: 4 | Z13: 1 | AN13: 0.3 | AS13: 0.3 | AU13: 0 | AX13: ∑ | AZ13: 𝜎 | BB13: y₂ | BF13: 0.3 | BK13: 1.5 | BM13: 0.19
F14: 10 | G14: 1 | H14: 5 | I14: 5 | J14: 2 | K14: 55 | L14: 134 | M14: 71 | N14: 79 | O14: 128 | P14: 172 | Q14: 120 | R14: 82 | S14: 81 | T14: 68 | U14: 141 | V14: 94 | W14: 1 | X14: 4 | Y14: 4 | Z14: 1 | AN14: 0.3 | AS14: 0.3 | AU14: 0 | AX14: =AN25 -> 1.5 | AZ14: =AT25 -> 0.19 | BF14: 0.3 | BK14: 2.1 | BM14: 0.36
F15: 11 | G15: 1 | H15: 5 | I15: 4 | J15: 7 | K15: 115 | L15: 101 | M15: 66 | N15: 113 | O15: 163 | P15: 165 | Q15: 147 | R15: 85 | S15: 93 | T15: 79 | U15: 87 | V15: 158 | W15: 31 | X15: 2 | Y15: 4 | Z15: 1 | AN15: 0.1 | AS15: -0.1 | AU15: 1 | BF15: -0.1 | BK15: 1.3 | BM15: 0.16
F16: 12 | G16: 1 | H16: 5 | I16: 2 | J16: 31 | K16: 141 | L16: 79 | M16: 73 | N16: 140 | O16: 161 | P16: 161 | Q16: 141 | R16: 87 | S16: 97 | T16: 90 | U16: 76 | V16: 138 | W16: 88 | X16: 0 | Y16: 5 | Z16: 2 | AN16: 0.3 | AO16: dim=9 | AS16: 0.5 | AU16: 0 | BF16: 0.5
F17: 13 | G17: 1 | H17: 5 | I17: 0 | J17: 56 | K17: 144 | L17: 81 | M17: 80 | N17: 111 | O17: 189 | P17: 181 | Q17: 127 | R17: 92 | S17: 99 | T17: 95 | U17: 85 | V17: 116 | W17: 121 | X17: 3 | Y17: 5 | Z17: 2 | AN17: 0.3 | AS17: 0.4 | AU17: 1 | BF17: 0.4
F18: 14 | G18: 1 | H18: 5 | I18: 1 | J18: 52 | K18: 146 | L18: 83 | M18: 83 | N18: 87 | O18: 133 | P18: 108 | Q18: 92 | R18: 100 | S18: 97 | T18: 96 | U18: 87 | V18: 116 | W18: 131 | X18: 4 | Y18: 4 | Z18: 2 | AN18: -0.1
F19: 15 | G19: 1 | H19: 5 | I19: 3 | J19: 20 | K19: 145 | L19: 108 | M19: 85 | N19: 86 | O19: 88 | P19: 88 | Q19: 94 | R19: 98 | S19: 98 | T19: 88 | U19: 76 | V19: 140 | W19: 103 | X19: 1 | Y19: 4 | Z19: 1 | AN19: 0.5
F20: 16 | G20: 1 | H20: 4 | I20: 5 | J20: 1 | K20: 88 | L20: 154 | M20: 77 | N20: 87 | O20: 93 | P20: 96 | Q20: 100 | R20: 93 | S20: 95 | T20: 77 | U20: 85 | V20: 173 | W20: 52 | X20: 0 | Y20: 4 | Z20: 1 | AN20: 0.4
F21: 17 | G21: 1 | H21: 4 | I21: 4 | J21: 3 | K21: 15 | L21: 139 | M21: 125 | N21: 73 | O21: 87 | P21: 94 | Q21: 93 | R21: 87 | S21: 81 | T21: 72 | U21: 159 | V21: 136 | W21: 8 | X21: 3 | Y21: 5 | Z21: 1 | AN21: 1
F22: 18 | G22: 1 | H22: 4 | I22: 5 | J22: 5 | K22: 2 | L22: 42 | M22: 154 | N22: 137 | O22: 92 | P22: 94 | Q22: 95 | R22: 88 | S22: 100 | T22: 156 | U22: 157 | V22: 37 | W22: 1 | X22: 5 | Y22: 5 | Z22: 1 | AC22: Weights | AG22: Learnable Params | AL22: biases | AT22: Activation | AX22: Truth
F23: 19 | G23: 1 | H23: 4 | I23: 4 | J23: 4 | K23: 4 | L23: 0 | M23: 35 | N23: 124 | O23: 163 | P23: 170 | Q23: 160 | R23: 172 | S23: 172 | T23: 117 | U23: 31 | V23: 0 | W23: 4 | X23: 4 | Y23: 4 | Z23: 1 | AC23: W | AL23: b | AN23: WX+b | AR23: 𝑒 | AT23: y=𝑒/∑𝑒 | AX23: ȳ | AZ23: |ȳ - y|
F24: 20 | G24: 1 | H24: 4 | I24: 3 | J24: 3 | K24: 3 | L24: 3 | M24: 0 | N24: 7 | O24: 39 | P24: 73 | Q24: 88 | R24: 77 | S24: 41 | T24: 7 | U24: 0 | V24: 3 | W24: 3 | X24: 3 | Y24: 4 | Z24: 1 | AC24: 1 | AD24: 0 | AE24: 1 | AF24: 1 | AG24: 1 | AH24: 0 | AI24: 1 | AJ24: 0 | AK24: 1 | AL24: 1 | AN24: {=ROUND(MMULT(AC24:AL27,AN12:AN21),1)} -> 1.9 | AR24: {=ROUND(EXP(_xlfn.ANCHORARRAY(AN24)),2)} -> 6.69 | AT24: {=ROUND(_xlfn.ANCHORARRAY(AR24)/AR30,2)} -> 0.29 | AX24: {=_xlfn.ANCHORARRAY(E10)} -> 0 | AZ24: {=ABS(_xlfn.ANCHORARRAY(AX24)-_xlfn.ANCHORARRAY(AT24))} -> 0.29
F25: 21 | G25: 1 | H25: 4 | I25: 4 | J25: 3 | K25: 3 | L25: 3 | M25: 3 | N25: 2 | O25: 0 | P25: 0 | Q25: 0 | R25: 0 | S25: 0 | T25: 2 | U25: 3 | V25: 3 | W25: 3 | X25: 3 | Y25: 3 | Z25: 1 | AC25: 1 | AD25: 1 | AE25: 0 | AF25: 0 | AG25: 0 | AH25: 0 | AI25: 1 | AJ25: 0 | AK25: 1 | AL25: 1 | AN25: 1.5 | AO25: dim=4 | AR25: 4.48 | AT25: 0.19 | AX25: 1 | AZ25: 0.81
F26: 22 | G26: 0 | H26: 4 | I26: 4 | J26: 3 | K26: 3 | L26: 3 | M26: 3 | N26: 3 | O26: 3 | P26: 3 | Q26: 3 | R26: 3 | S26: 3 | T26: 3 | U26: 3 | V26: 4 | W26: 3 | X26: 4 | Y26: 4 | Z26: 1 | AC26: 1 | AD26: 1 | AE26: 1 | AF26: 0 | AG26: 0 | AH26: 1 | AI26: 1 | AJ26: 0 | AK26: 1 | AL26: 1 | AN26: 2.1 | AR26: 8.17 | AT26: 0.36 | AX26: 0 | AZ26: 0.36
F27: 23 | G27: 0 | H27: 3 | I27: 4 | J27: 4 | K27: 4 | L27: 3 | M27: 3 | N27: 3 | O27: 3 | P27: 3 | Q27: 3 | R27: 3 | S27: 4 | T27: 3 | U27: 3 | V27: 4 | W27: 4 | X27: 4 | Y27: 3 | Z27: 0 | AC27: 1 | AD27: 1 | AE27: 0 | AF27: 1 | AG27: 1 | AH27: 1 | AI27: 1 | AJ27: 1 | AK27: 0 | AL27: 0 | AN27: 1.3 | AR27: 3.67 | AT27: 0.16 | AX27: 0 | AZ27: 0.16
F28: 24 | G28: 0 | H28: 1 | I28: 1 | J28: 1 | K28: 2 | L28: 2 | M28: 2 | N28: 2 | O28: 2 | P28: 2 | Q28: 2 | R28: 2 | S28: 2 | T28: 2 | U28: 2 | V28: 2 | W28: 2 | X28: 1 | Y28: 1 | Z28: 0 | AN28: Linear
AR29: ∑𝑒 | AZ29: ∑
AR30: =ROUND(SUM(_xlfn.ANCHORARRAY(AR24)),2) -> 23.01 | AZ30: =SUM(_xlfn.ANCHORARRAY(AZ24)) -> 1.62 | BA30: ⇣ | BB30: 😀
AZ31: Loss | BA31: ⇡ | BB31: ☹️
AE38: Single Layered | AK38: Multi Layered
AE40: Input | AK40: Input
AE41: ↓ | AK41: ↓
AE42: Linear | AK42: Linear
AE43: ↓ | AK43: ↓
AE44: Activation | AK44: Activation
AE45: ↓ | AK45: ↓
AE46: Loss | AK46: Linear
AK47: ↓
AK48: Activation
AK49: ↓
AK50: …
AK51: ↓
AK52: Linear
AK53: ↓
AK54: Activation
AK55: ↓
AK56: Loss

Sheet Mulitlayer
B2: M | C2: L | D2: P
G4: 1 | H4: 2 | I4: 3 | J4: 4 | K4: 5 | L4: 6 | M4: 7 | N4: 8 | O4: 9 | P4: 10 | Q4: 11 | R4: 12 | S4: 13 | T4: 14 | U4: 15 | V4: 16 | W4: 17 | X4: 18 | Y4: 19 | Z4: 20
F5: 1 | G5: {=OFFSET('Dataset-Tumor'!D5, 24*(E6-1), 20*(E7-1), 24, 20)} -> 15 | H5: 15 | I5: 15 | J5: 15 | K5: 15 | L5: 13 | M5: 9 | N5: 10 | O5: 24 | P5: 37 | Q5: 40 | R5: 28 | S5: 12 | T5: 9 | U5: 13 | V5: 15 | W5: 15 | X5: 15 | Y5: 15 | Z5: 15 | AB5: Input Layer | AU5: Input
D6: Class # | E6: 4 | F6: 2 | G6: 15 | H6: 15 | I6: 15 | J6: 14 | K6: 10 | L6: 23 | M6: 70 | N6: 129 | O6: 153 | P6: 150 | Q6: 152 | R6: 154 | S6: 133 | T6: 81 | U6: 26 | V6: 9 | W6: 14 | X6: 15 | Y6: 15 | Z6: 15 | AE6: X | AI6: X: Normalized | AM6: X: Flatten | AU6: {=AM7:AM15} -> 0.5 | AX6: Hidden Layer 1
D7: Sample # | E7: 2 | F7: 3 | G7: 15 | H7: 15 | I7: 12 | J7: 15 | K7: 78 | L7: 160 | M7: 159 | N7: 113 | O7: 81 | P7: 76 | Q7: 72 | R7: 80 | S7: 98 | T7: 137 | U7: 158 | V7: 94 | W7: 18 | X7: 11 | Y7: 15 | Z7: 15 | AE7: {=Q22:S24} -> 197 | AF7: 127 | AG7: 113 | AI7: {=ROUND((_xlfn.ANCHORARRAY(AE7)-127.5)/127.5,1)} -> 0.5 | AJ7: 0 | AK7: -0.1 | AM7: {=_xlfn.VSTACK(ROUND(_xlfn.TOCOL(_xlfn.ANCHORARRAY(AI7)),2),1)} -> 0.5 | AU7: 0 | AX7: {=AO19:AO25} -> 1.3 | BA7: Hidden Layer 2
F8: 4 | G8: 15 | H8: 10 | I8: 38 | J8: 131 | K8: 133 | L8: 99 | M8: 78 | N8: 70 | O8: 67 | P8: 74 | Q8: 79 | R8: 77 | S8: 75 | T8: 76 | U8: 92 | V8: 143 | W8: 131 | X8: 37 | Y8: 10 | Z8: 15 | AE8: 168 | AF8: 140 | AG8: 163 | AI8: 0.3 | AJ8: 0.1 | AK8: 0.3 | AM8: 0 | AU8: -0.1 | AX8: 0 | BA8: {=AQ29:AQ33} -> 0 | BD8: Output
E9: ȳ=OHE | F9: 5 | G9: 10 | H9: 50 | I9: 128 | J9: 118 | K9: 88 | L9: 79 | M9: 82 | N9: 85 | O9: 83 | P9: 84 | Q9: 85 | R9: 86 | S9: 81 | T9: 84 | U9: 81 | V9: 80 | W9: 113 | X9: 135 | Y9: 52 | Z9: 11 | AE9: 114 | AF9: 126 | AG9: 168 | AI9: -0.1 | AJ9: 0 | AK9: 0.3 | AM9: -0.1 | AU9: 0.3 | AX9: 0 | BA9: 1.8 | BD9: {=_xlfn.ANCHORARRAY(AS37)} -> 0.14147448
D10: Glioma | E10: {=TRANSPOSE(IF(_xlfn.SEQUENCE(1,COUNT([0]!Classes),1,1)=E6,1,0))} -> 0 | F10: 6 | G10: 40 | H10: 138 | I10: 105 | J10: 82 | K10: 74 | L10: 85 | M10: 88 | N10: 87 | O10: 88 | P10: 88 | Q10: 81 | R10: 89 | S10: 89 | T10: 89 | U10: 76 | V10: 78 | W10: 88 | X10: 110 | Y10: 133 | Z10: 43 | AM10: 0.3 | AU10: 0.1 | AX10: 0 | BA10: 0 | BD10: 0.14289632
D11: Meningioma | E11: 0 | F11: 7 | G11: 116 | H11: 105 | I11: 74 | J11: 81 | K11: 80 | L11: 82 | M11: 86 | N11: 89 | O11: 86 | P11: 82 | Q11: 84 | R11: 89 | S11: 90 | T11: 87 | U11: 84 | V11: 83 | W11: 65 | X11: 67 | Y11: 83 | Z11: 112 | AM11: 0.1 | AU11: 0.3 | AX11: 0 | BA11: 1.1 | BD11: 0.25521832
D12: No tumor | E12: 0 | F12: 8 | G12: 109 | H12: 68 | I12: 66 | J12: 83 | K12: 87 | L12: 87 | M12: 89 | N12: 91 | O12: 84 | P12: 84 | Q12: 87 | R12: 90 | S12: 92 | T12: 91 | U12: 88 | V12: 83 | W12: 81 | X12: 66 | Y12: 59 | Z12: 92 | AM12: 0.3 | AU12: -0.1 | AX12: 0 | BA12: 0 | BD12: 0.46041089
D13: Pituitary | E13: 1 | F13: 9 | G13: 63 | H13: 72 | I13: 81 | J13: 87 | K13: 88 | L13: 90 | M13: 92 | N13: 94 | O13: 91 | P13: 87 | Q13: 85 | R13: 93 | S13: 95 | T13: 92 | U13: 88 | V13: 86 | W13: 82 | X13: 83 | Y13: 76 | Z13: 67 | AM13: -0.1 | AU13: 0 | AX13: 0
F14: 10 | G14: 53 | H14: 81 | I14: 84 | J14: 89 | K14: 89 | L14: 89 | M14: 91 | N14: 97 | O14: 88 | P14: 80 | Q14: 84 | R14: 93 | S14: 96 | T14: 90 | U14: 88 | V14: 87 | W14: 81 | X14: 78 | Y14: 78 | Z14: 64 | AM14: 0 | AU14: 0.3
F15: 11 | G15: 62 | H15: 77 | I15: 85 | J15: 88 | K15: 84 | L15: 87 | M15: 93 | N15: 94 | O15: 89 | P15: 43 | Q15: 58 | R15: 91 | S15: 94 | T15: 94 | U15: 85 | V15: 84 | W15: 80 | X15: 77 | Y15: 78 | Z15: 59 | AM15: 0.3
F16: 12 | G16: 58 | H16: 76 | I16: 83 | J16: 84 | K16: 76 | L16: 90 | M16: 97 | N16: 95 | O16: 95 | P16: 67 | Q16: 78 | R16: 95 | S16: 96 | T16: 97 | U16: 88 | V16: 78 | W16: 82 | X16: 77 | Y16: 71 | Z16: 47 | AM16: 1
F17: 13 | G17: 49 | H17: 74 | I17: 82 | J17: 59 | K17: 81 | L17: 90 | M17: 94 | N17: 96 | O17: 98 | P17: 91 | Q17: 87 | R17: 98 | S17: 98 | T17: 95 | U17: 89 | V17: 81 | W17: 62 | X17: 75 | Y17: 65 | Z17: 54 | AB17: Layer 1
F18: 14 | G18: 55 | H18: 68 | I18: 86 | J18: 66 | K18: 76 | L18: 89 | M18: 92 | N18: 88 | O18: 73 | P18: 77 | Q18: 78 | R18: 77 | S18: 70 | T18: 84 | U18: 89 | V18: 80 | W18: 60 | X18: 80 | Y18: 63 | Z18: 72 | AB18: W | AK18: b | AM18: Linear | AO18: Activation | BC18: Multi Layered
F19: 15 | G19: 83 | H19: 73 | I19: 80 | J19: 86 | K19: 85 | L19: 88 | M19: 87 | N19: 85 | O19: 58 | P19: 127 | Q19: 159 | R19: 62 | S19: 53 | T19: 80 | U19: 88 | V19: 84 | W19: 79 | X19: 79 | Y19: 69 | Z19: 88 | AB19: {=ROUND(_xlfn.RANDARRAY(7, COUNT(AM7:AM16),-1,1),1)} -> 0.9 | AC19: 0.7 | AD19: -0.3 | AE19: 0.4 | AF19: 0 | AG19: 0 | AH19: 0.5 | AI19: -0.7 | AJ19: 0.3 | AK19: 0.7 | AM19: {=ROUND(MMULT(_xlfn.ANCHORARRAY(AB19),AM7:AM16),1)} -> 1.3 | AO19: {=_xlfn.VSTACK(IF(_xlfn.ANCHORARRAY(AM19)>0,_xlfn.ANCHORARRAY( AM19), 0),1)} -> 1.3
F20: 16 | G20: 109 | H20: 67 | I20: 83 | J20: 87 | K20: 90 | L20: 89 | M20: 90 | N20: 85 | O20: 118 | P20: 196 | Q20: 197 | R20: 156 | S20: 103 | T20: 85 | U20: 92 | V20: 87 | W20: 82 | X20: 74 | Y20: 65 | Z20: 107 | AB20: -0.9 | AC20: -1 | AD20: 0.3 | AE20: -1 | AF20: 0.6 | AG20: 0.7 | AH20: -0.3 | AI20: 0.1 | AJ20: -0.7 | AK20: -0.3 | AM20: -1 | AO20: 0 | BA20: Input Layer | BC20: X
F21: 17 | G21: 161 | H21: 80 | I21: 75 | J21: 85 | K21: 88 | L21: 84 | M21: 86 | N21: 84 | O21: 118 | P21: 186 | Q21: 165 | R21: 134 | S21: 104 | T21: 82 | U21: 85 | V21: 85 | W21: 80 | X21: 72 | Y21: 64 | Z21: 141 | AB21: 0.2 | AC21: -0.8 | AD21: 0.7 | AE21: -0.9 | AF21: -0.1 | AG21: 0.9 | AH21: 0.5 | AI21: -0.7 | AJ21: -0.4 | AK21: 0.1 | AM21: -0.1 | AO21: 0 | BC21: ↓
F22: 18 | G22: 184 | H22: 132 | I22: 65 | J22: 77 | K22: 86 | L22: 82 | M22: 83 | N22: 92 | O22: 173 | P22: 210 | Q22: 197 | R22: 127 | S22: 113 | T22: 79 | U22: 80 | V22: 78 | W22: 73 | X22: 69 | Y22: 101 | Z22: 163 | AB22: -0.3 | AC22: 0.5 | AD22: 0.9 | AE22: -0.7 | AF22: -0.8 | AG22: 0.8 | AH22: 0.5 | AI22: 0.1 | AJ22: 0.1 | AK22: -0.2 | AM22: -0.5 | AO22: 0 | BC22: Linear
F23: 19 | G23: 163 | H23: 112 | I23: 92 | J23: 79 | K23: 80 | L23: 105 | M23: 154 | N23: 175 | O23: 175 | P23: 150 | Q23: 168 | R23: 140 | S23: 163 | T23: 148 | U23: 116 | V23: 79 | W23: 102 | X23: 90 | Y23: 106 | Z23: 104 | AB23: 0.1 | AC23: -0.5 | AD23: -0.4 | AE23: 0 | AF23: -0.1 | AG23: -0.7 | AH23: -0.6 | AI23: 0.8 | AJ23: -0.9 | AK23: 0.2 | AM23: -0.1 | AO23: 0 | BA23: Layer 1 | BC23: ↓
F24: 20 | G24: 179 | H24: 85 | I24: 80 | J24: 94 | K24: 120 | L24: 128 | M24: 173 | N24: 179 | O24: 146 | P24: 108 | Q24: 114 | R24: 126 | S24: 168 | T24: 175 | U24: 158 | V24: 116 | W24: 119 | X24: 98 | Y24: 88 | Z24: 120 | AB24: -0.3 | AC24: -0.8 | AD24: -0.3 | AE24: -0.6 | AF24: 0 | AG24: 0 | AH24: 0.1 | AI24: -0.2 | AJ24: 0.1 | AK24: -0.4 | AM24: -0.7 | AO24: 0 | BC24: Activation
F25: 21 | G25: 202 | H25: 138 | I25: 133 | J25: 159 | K25: 121 | L25: 113 | M25: 143 | N25: 171 | O25: 133 | P25: 50 | Q25: 36 | R25: 89 | S25: 142 | T25: 170 | U25: 130 | V25: 110 | W25: 128 | X25: 161 | Y25: 116 | Z25: 138 | AB25: -0.3 | AC25: 0.6 | AD25: 0 | AE25: 0.6 | AF25: 0.3 | AG25: 0.7 | AH25: 1 | AI25: 0.9 | AJ25: 0 | AK25: -0.5 | AM25: -0.3 | AO25: 0 | BC25: ↓
F26: 22 | G26: 203 | H26: 143 | I26: 114 | J26: 120 | K26: 112 | L26: 114 | M26: 131 | N26: 138 | O26: 141 | P26: 41 | Q26: 6 | R26: 76 | S26: 153 | T26: 136 | U26: 121 | V26: 105 | W26: 112 | X26: 118 | Y26: 120 | Z26: 153 | AO26: 1 | BC26: Linear
F27: 23 | G27: 166 | H27: 145 | I27: 127 | J27: 101 | K27: 130 | L27: 116 | M27: 107 | N27: 120 | O27: 147 | P27: 40 | Q27: 6 | R27: 67 | S27: 154 | T27: 111 | U27: 107 | V27: 119 | W27: 129 | X27: 85 | Y27: 124 | Z27: 135 | AB27: Layer 2 | BA27: Layer 2 | BC27: ↓
F28: 24 | G28: 82 | H28: 80 | I28: 82 | J28: 57 | K28: 91 | L28: 83 | M28: 75 | N28: 85 | O28: 94 | P28: 58 | Q28: 35 | R28: 62 | S28: 96 | T28: 76 | U28: 72 | V28: 79 | W28: 76 | X28: 56 | Y28: 65 | Z28: 72 | AF28: W | AM28: b | AO28: Linear | AQ28: Activation | BC28: Activation
AF29: {=ROUND(_xlfn.RANDARRAY(5, COUNT(AO19:AO26), -1,1),1)} -> 0 | AG29: -0.3 | AH29: 0.5 | AI29: -1 | AJ29: -0.6 | AK29: 0.1 | AL29: 0.2 | AM29: -0.5 | AO29: {=ROUND(MMULT(_xlfn.ANCHORARRAY(AF29),AO19:AO26), 1)} -> -0.5 | AQ29: {=_xlfn.VSTACK(IF(_xlfn.ANCHORARRAY(AO29)>0,_xlfn.ANCHORARRAY( AO29), 0),1)} -> 0 | BC29: ↓
AF30: 0.7 | AG30: 0.8 | AH30: -0.3 | AI30: 0.1 | AJ30: 0.1 | AK30: 0.2 | AL30: 0 | AM30: 0.9 | AO30: 1.8 | AQ30: 1.8 | BC30: Linear
AF31: -0.8 | AG31: -0.6 | AH31: -0.2 | AI31: -0.2 | AJ31: -0.7 | AK31: -0.8 | AL31: 0.7 | AM31: -1 | AO31: -2 | AQ31: 0 | BA31: Output Layer | BC31: ↓
AF32: 0.7 | AG32: 0.4 | AH32: -0.7 | AI32: 0.8 | AJ32: 0.2 | AK32: 0.6 | AL32: 0.9 | AM32: 0.2 | AO32: 1.1 | AQ32: 1.1 | BC32: Activation
AF33: -0.7 | AG33: -0.9 | AH33: 0.4 | AI33: 0.3 | AJ33: 0.9 | AK33: 0.6 | AL33: 0.8 | AM33: -0.3 | AO33: -1.2 | AQ33: 0 | BC33: ↓
AQ34: 1 | BC34: Loss
AB35: Output Layer
AJ36: W | AO36: b | AQ36: Linear | AS36: Activation | AU36: ȳ | AW36: Loss
AJ37: {=ROUND(_xlfn.RANDARRAY(COUNT([0]!Classes), COUNT(AQ29:AQ34),-1,1),1)} -> 0.6 | AK37: 0.3 | AL37: 0.6 | AM37: -0.4 | AN37: -0.1 | AO37: -0.7 | AQ37: {=ROUND(MMULT(_xlfn.ANCHORARRAY(AJ37),AQ29:AQ34),2)} -> -0.6 | AS37: {=EXP(_xlfn.ANCHORARRAY(AQ37))/SUM(EXP(_xlfn.ANCHORARRAY(AQ37)))} -> 0.14147448 | AU37: {=_xlfn.ANCHORARRAY(E10)} -> 0 | AW37: {=-SUMPRODUCT(_xlfn.ANCHORARRAY(AU37), LN(_xlfn.ANCHORARRAY(AS37)))} -> 0.77563595
AJ38: 0.7 | AK38: -0.7 | AL38: -0.8 | AM38: 0.7 | AN38: -0.6 | AO38: -0.1 | AQ38: -0.59 | AS38: 0.14289632 | AU38: 0
AJ39: 0.9 | AK39: 0.2 | AL39: 0 | AM39: -0.7 | AN39: -0.1 | AO39: 0.4 | AQ39: -0.01 | AS39: 0.25521832 | AU39: 0
AJ40: -0.9 | AK40: 0.6 | AL40: 0.7 | AM40: 0 | AN40: -0.8 | AO40: -0.5 | AQ40: 0.58 | AS40: 0.46041089 | AU40: 1

Sheet Backprop_single_image
B2: B | C2: A | D2: C | E2: K | F2: P | G2: R | H2: O | I2: P
G4: 1 | H4: 2 | I4: 3 | J4: 4 | K4: 5 | L4: 6 | M4: 7 | N4: 8 | O4: 9 | P4: 10 | Q4: 11 | R4: 12 | S4: 13 | T4: 14 | U4: 15 | V4: 16 | W4: 17 | X4: 18 | Y4: 19 | Z4: 20 | AE4: X | AI4: X: Normalized | AM4: X: Flatten
F5: 1 | G5: {=OFFSET('Dataset-Tumor'!D5, 24*(E6-1), 20*(E7-1), 24, 20)} -> 2 | H5: 2 | I5: 2 | J5: 2 | K5: 2 | L5: 2 | M5: 2 | N5: 2 | O5: 2 | P5: 2 | Q5: 2 | R5: 2 | S5: 2 | T5: 2 | U5: 2 | V5: 2 | W5: 2 | X5: 2 | Y5: 2 | Z5: 2 | AE5: {=N14:P16} -> 74 | AF5: 72 | AG5: 69 | AI5: {=ROUND((_xlfn.ANCHORARRAY(AE5)-127.5)/127.5,1)} -> -0.4 | AJ5: -0.4 | AK5: -0.5 | AM5: {=ROUND(_xlfn.TOCOL(_xlfn.ANCHORARRAY(AI5)),2)} -> -0.4
D6: Class # | E6: 1 | F6: 2 | G6: 2 | H6: 2 | I6: 2 | J6: 2 | K6: 2 | L6: 2 | M6: 1 | N6: 0 | O6: 0 | P6: 0 | Q6: 0 | R6: 0 | S6: 0 | T6: 2 | U6: 2 | V6: 2 | W6: 2 | X6: 2 | Y6: 2 | Z6: 2 | AE6: 72 | AF6: 72 | AG6: 70 | AI6: -0.4 | AJ6: -0.4 | AK6: -0.5 | AM6: -0.4
D7: Sample # | E7: 3 | F7: 3 | G7: 2 | H7: 3 | I7: 3 | J7: 2 | K7: 2 | L7: 0 | M7: 7 | N7: 33 | O7: 66 | P7: 80 | Q7: 83 | R7: 61 | S7: 22 | T7: 0 | U7: 1 | V7: 3 | W7: 2 | X7: 3 | Y7: 3 | Z7: 2 | AE7: 73 | AF7: 75 | AG7: 76 | AI7: -0.4 | AJ7: -0.4 | AK7: -0.4 | AM7: -0.5
F8: 4 | G8: 2 | H8: 4 | I8: 3 | J8: 2 | K8: 9 | L8: 51 | M8: 104 | N8: 104 | O8: 87 | P8: 71 | Q8: 81 | R8: 99 | S8: 115 | T8: 78 | U8: 13 | V8: 2 | W8: 4 | X8: 3 | Y8: 4 | Z8: 2 | AM8: -0.4
E9: OHE | F9: 5 | G9: 2 | H9: 6 | I9: 4 | J9: 12 | K9: 110 | L9: 129 | M9: 82 | N9: 53 | O9: 57 | P9: 77 | Q9: 46 | R9: 46 | S9: 70 | T9: 107 | U9: 99 | V9: 15 | W9: 3 | X9: 5 | Y9: 5 | Z9: 2 | AM9: -0.4
D10: Glioma | E10: {=TRANSPOSE(IF(_xlfn.SEQUENCE(1,COUNT([0]!Classes),1,1)=E6,1,0))} -> 1 | F10: 6 | G10: 1 | H10: 6 | I10: 0 | J10: 71 | K10: 130 | L10: 66 | M10: 48 | N10: 49 | O10: 59 | P10: 79 | Q10: 53 | R10: 47 | S10: 48 | T10: 56 | U10: 95 | V10: 90 | W10: 9 | X10: 4 | Y10: 6 | Z10: 1 | AM10: -0.5
D11: Meningioma | E11: 0 | F11: 7 | G11: 0 | H11: 4 | I11: 16 | J11: 111 | K11: 74 | L11: 53 | M11: 52 | N11: 60 | O11: 62 | P11: 59 | Q11: 60 | R11: 57 | S11: 48 | T11: 47 | U11: 65 | V11: 102 | W11: 68 | X11: 2 | Y11: 5 | Z11: 1 | AM11: -0.4 | AU11: Learning rate, η | AV11: 0.5
D12: No tumor | E12: 0 | F12: 8 | G12: 0 | H12: 0 | I12: 53 | J12: 94 | K12: 58 | L12: 55 | M12: 59 | N12: 67 | O12: 69 | P12: 66 | Q12: 66 | R12: 61 | S12: 68 | T12: 71 | U12: 54 | V12: 52 | W12: 73 | X12: 13 | Y12: 3 | Z12: 0 | AM12: -0.4
D13: Pituitary | E13: 0 | F13: 9 | G13: 0 | H13: 0 | I13: 77 | J13: 81 | K13: 54 | L13: 61 | M13: 68 | N13: 72 | O13: 72 | P13: 69 | Q13: 67 | R13: 81 | S13: 100 | T13: 96 | U13: 54 | V13: 12 | W13: 65 | X13: 26 | Y13: 2 | Z13: 0 | AM13: -0.4 | AU13: Xᵀ
F14: 10 | G14: 0 | H14: 0 | I14: 91 | J14: 66 | K14: 60 | L14: 65 | M14: 73 | N14: 74 | O14: 72 | P14: 69 | Q14: 70 | R14: 88 | S14: 71 | T14: 93 | U14: 91 | V14: 49 | W14: 108 | X14: 34 | Y14: 1 | Z14: 0 | AM14: 1 | AU14: {=TRANSPOSE(AM5:AM14)} -> -0.4 | AV14: -0.4 | AW14: -0.5 | AX14: -0.4 | AY14: -0.4 | AZ14: -0.5 | BA14: -0.4 | BB14: -0.4 | BC14: -0.4 | BD14: 1
F15: 11 | G15: 0 | H15: 0 | I15: 106 | J15: 67 | K15: 62 | L15: 68 | M15: 72 | N15: 72 | O15: 72 | P15: 70 | Q15: 67 | R15: 92 | S15: 106 | T15: 96 | U15: 79 | V15: 56 | W15: 113 | X15: 36 | Y15: 0 | Z15: 0 | AB15: Epoch 1:
F16: 12 | G16: 0 | H16: 0 | I16: 111 | J16: 72 | K16: 59 | L16: 69 | M16: 69 | N16: 73 | O16: 75 | P16: 76 | Q16: 71 | R16: 69 | S16: 74 | T16: 77 | U16: 70 | V16: 47 | W16: 107 | X16: 34 | Y16: 0 | Z16: 0 | AB16: W | AK16: b | AM16: Linear | AO16: Activation | AP16: ȳ | AQ16: Loss | AS16: 𝛿=y-ȳ | AU16: ΔW=-η𝛿Xᵀ | BD16: Δb=-η𝛿
F17: 13 | G17: 0 | H17: 1 | I17: 113 | J17: 76 | K17: 62 | L17: 66 | M17: 70 | N17: 73 | O17: 74 | P17: 72 | Q17: 69 | R17: 69 | S17: 59 | T17: 56 | U17: 57 | V17: 55 | W17: 105 | X17: 29 | Y17: 0 | Z17: 0 | AB17: {=ROUND(_xlfn.RANDARRAY(COUNT([0]!Classes), COUNT(AM5:AM14),-1,1),1)} -> -0.7 | AC17: 0.3 | AD17: 0.4 | AE17: -0.8 | AF17: 0.3 | AG17: -0.6 | AH17: 0.6 | AI17: 0 | AJ17: 0.8 | AK17: -0.8 | AM17: {=ROUND(MMULT(_xlfn.ANCHORARRAY(AB17),AM5:AM14),2)} -> -0.9 | AO17: {=EXP(_xlfn.ANCHORARRAY(AM17))/SUM(EXP(_xlfn.ANCHORARRAY(AM17)))} -> 0.093239047 | AP17: {=_xlfn.ANCHORARRAY($E$10)} -> 1 | AQ17: {=-SUMPRODUCT(_xlfn.ANCHORARRAY(AP17), LN(_xlfn.ANCHORARRAY(AO17)))} -> 2.3725887 | AS17: {=ROUND(_xlfn.ANCHORARRAY(AO17)-AP17:AP20,2)} -> -0.91 | AU17: {=ROUND(-$AV$11*MMULT(_xlfn.ANCHORARRAY(AS17),_xlfn.ANCHORARRAY(AU14)),2)} -> -0.18 | AV17: -0.18 | AW17: -0.23 | AX17: -0.18 | AY17: -0.18 | AZ17: -0.23 | BA17: -0.18 | BB17: -0.18 | BC17: -0.18 | BD17: 0.46
F18: 14 | G18: 0 | H18: 3 | I18: 96 | J18: 62 | K18: 92 | L18: 72 | M18: 70 | N18: 74 | O18: 75 | P18: 71 | Q18: 71 | R18: 72 | S18: 67 | T18: 62 | U18: 68 | V18: 42 | W18: 98 | X18: 24 | Y18: 4 | Z18: 0 | AB18: -0.2 | AC18: 0.1 | AD18: -0.1 | AE18: -0.1 | AF18: 0.2 | AG18: -0.4 | AH18: -0.8 | AI18: -1 | AJ18: -0.1 | AK18: -0.6 | AM18: 0.41 | AO18: 0.34556011 | AP18: 0 | AS18: 0.35 | AU18: 0.07 | AV18: 0.07 | AW18: 0.09 | AX18: 0.07 | AY18: 0.07 | AZ18: 0.09 | BA18: 0.07 | BB18: 0.07 | BC18: 0.07 | BD18: -0.18
F19: 15 | G19: 0 | H19: 2 | I19: 90 | J19: 47 | K19: 63 | L19: 65 | M19: 70 | N19: 73 | O19: 76 | P19: 78 | Q19: 74 | R19: 72 | S19: 69 | T19: 63 | U19: 55 | V19: 61 | W19: 104 | X19: 14 | Y19: 2 | Z19: 0 | AB19: -0.6 | AC19: -0.8 | AD19: 0.8 | AE19: -0.8 | AF19: -0.7 | AG19: -0.2 | AH19: -0.2 | AI19: 0.1 | AJ19: 0 | AK19: -0.3 | AM19: 0.6 | AO19: 0.41786842 | AP19: 0 | AS19: 0.42 | AU19: 0.08 | AV19: 0.08 | AW19: 0.11 | AX19: 0.08 | AY19: 0.08 | AZ19: 0.11 | BA19: 0.08 | BB19: 0.08 | BC19: 0.08 | BD19: -0.21
F20: 16 | G20: 0 | H20: 0 | I20: 107 | J20: 80 | K20: 38 | L20: 63 | M20: 68 | N20: 73 | O20: 71 | P20: 65 | Q20: 66 | R20: 73 | S20: 69 | T20: 59 | U20: 43 | V20: 44 | W20: 101 | X20: 7 | Y20: 2 | Z20: 0 | AB20: -0.2 | AC20: 0.9 | AD20: 0.8 | AE20: -0.1 | AF20: -0.4 | AG20: 0.5 | AH20: -0.6 | AI20: 0.9 | AJ20: -0.2 | AK20: 0.3 | AM20: -0.47 | AO20: 0.14333243 | AP20: 0 | AS20: 0.14 | AU20: 0.03 | AV20: 0.03 | AW20: 0.04 | AX20: 0.03 | AY20: 0.03 | AZ20: 0.04 | BA20: 0.03 | BB20: 0.03 | BC20: 0.03 | BD20: -0.07
F21: 17 | G21: 0 | H21: 0 | I21: 75 | J21: 115 | K21: 41 | L21: 55 | M21: 63 | N21: 63 | O21: 49 | P21: 39 | Q21: 41 | R21: 62 | S21: 63 | T21: 55 | U21: 42 | V21: 65 | W21: 87 | X21: 0 | Y21: 3 | Z21: 0
F22: 18 | G22: 0 | H22: 0 | I22: 37 | J22: 132 | K22: 69 | L22: 52 | M22: 51 | N22: 47 | O22: 38 | P22: 32 | Q22: 38 | R22: 38 | S22: 42 | T22: 45 | U22: 58 | V22: 101 | W22: 46 | X22: 0 | Y22: 4 | Z22: 1 | AB22: Epoch 2:
F23: 19 | G23: 1 | H23: 3 | I23: 16 | J23: 133 | K23: 87 | L23: 76 | M23: 93 | N23: 107 | O23: 71 | P23: 61 | Q23: 81 | R23: 104 | S23: 89 | T23: 72 | U23: 87 | V23: 89 | W23: 5 | X23: 4 | Y23: 4 | Z23: 1 | AB23: W=W+ΔW | AK23: b=b+Δb | AM23: Linear | AO23: Activation | AP23: ȳ | AQ23: Loss | AS23: 𝛿=y-ȳ | AU23: ΔW=-η𝛿Xᵀ | BD23: Δb=-η𝛿
F24: 20 | G24: 2 | H24: 4 | I24: 5 | J24: 110 | K24: 103 | L24: 66 | M24: 70 | N24: 102 | O24: 123 | P24: 114 | Q24: 114 | R24: 117 | S24: 85 | T24: 63 | U24: 83 | V24: 20 | W24: 2 | X24: 4 | Y24: 4 | Z24: 2 | AB24: {=_xlfn.ANCHORARRAY(AB17)+_xlfn.ANCHORARRAY(AU17)} -> -0.88 | AC24: 0.12 | AD24: 0.17 | AE24: -0.98 | AF24: 0.12 | AG24: -0.83 | AH24: 0.42 | AI24: -0.18 | AJ24: 0.62 | AK24: -0.34 | AM24: {=MMULT(_xlfn.ANCHORARRAY(AB24),AM5:AM14)} -> 0.294 | AO24: {=EXP(_xlfn.ANCHORARRAY(AM24))/SUM(EXP(_xlfn.ANCHORARRAY(AM24)))} -> 0.34763864 | AP24: {=_xlfn.ANCHORARRAY($E$10)} -> 1 | AQ24: {=-SUMPRODUCT(_xlfn.ANCHORARRAY(AP24), LN(_xlfn.ANCHORARRAY(AO24)))} -> 1.0565917 | AS24: {=ROUND(_xlfn.ANCHORARRAY(AO24)-AP24:AP27,2)} -> -0.65 | AU24: {=ROUND(-$AV$11*MMULT(_xlfn.ANCHORARRAY(AS24),_xlfn.ANCHORARRAY(AU14)),2)} -> -0.13 | AV24: -0.13 | AW24: -0.16 | AX24: -0.13 | AY24: -0.13 | AZ24: -0.16 | BA24: -0.13 | BB24: -0.13 | BC24: -0.13 | BD24: 0.33
F25: 21 | G25: 2 | H25: 4 | I25: 4 | J25: 73 | K25: 90 | L25: 54 | M25: 51 | N25: 81 | O25: 99 | P25: 81 | Q25: 99 | R25: 84 | S25: 58 | T25: 42 | U25: 49 | V25: 2 | W25: 3 | X25: 3 | Y25: 3 | Z25: 2 | AB25: -0.13 | AC25: 0.17 | AD25: -0.01 | AE25: -0.03 | AF25: 0.27 | AG25: -0.31 | AH25: -0.73 | AI25: -0.93 | AJ25: -0.03 | AK25: -0.78 | AM25: -0.056 | AO25: 0.24497681 | AP25: 0 | AS25: 0.24 | AU25: 0.05 | AV25: 0.05 | AW25: 0.06 | AX25: 0.05 | AY25: 0.05 | AZ25: 0.06 | BA25: 0.05 | BB25: 0.05 | BC25: 0.05 | BD25: -0.12
F26: 22 | G26: 3 | H26: 4 | I26: 5 | J26: 35 | K26: 53 | L26: 43 | M26: 45 | N26: 58 | O26: 56 | P26: 60 | Q26: 71 | R26: 47 | S26: 38 | T26: 34 | U26: 19 | V26: 3 | W26: 3 | X26: 3 | Y26: 3 | Z26: 2 | AB26: -0.52 | AC26: -0.72 | AD26: 0.91 | AE26: -0.72 | AF26: -0.62 | AG26: -0.09 | AH26: -0.12 | AI26: 0.18 | AJ26: 0.08 | AK26: -0.51 | AM26: 0.056 | AO26: 0.27400971 | AP26: 0 | AS26: 0.27 | AU26: 0.05 | AV26: 0.05 | AW26: 0.07 | AX26: 0.05 | AY26: 0.05 | AZ26: 0.07 | BA26: 0.05 | BB26: 0.05 | BC26: 0.05 | BD26: -0.14
F27: 23 | G27: 2 | H27: 4 | I27: 4 | J27: 16 | K27: 41 | L27: 41 | M27: 42 | N27: 52 | O27: 46 | P27: 45 | Q27: 44 | R27: 34 | S27: 32 | T27: 25 | U27: 8 | V27: 3 | W27: 3 | X27: 2 | Y27: 3 | Z27: 2 | AB27: -0.17 | AC27: 0.93 | AD27: 0.84 | AE27: -0.07 | AF27: -0.37 | AG27: 0.54 | AH27: -0.57 | AI27: 0.93 | AJ27: -0.17 | AK27: 0.23 | AM27: -0.664 | AO27: 0.13337484 | AP27: 0 | AS27: 0.13 | AU27: 0.03 | AV27: 0.03 | AW27: 0.03 | AX27: 0.03 | AY27: 0.03 | AZ27: 0.03 | BA27: 0.03 | BB27: 0.03 | BC27: 0.03 | BD27: -0.07
F28: 24 | G28: 2 | H28: 3 | I28: 3 | J28: 16 | K28: 36 | L28: 35 | M28: 38 | N28: 44 | O28: 39 | P28: 40 | Q28: 42 | R28: 29 | S28: 26 | T28: 19 | U28: 5 | V28: 3 | W28: 2 | X28: 2 | Y28: 2 | Z28: 2
AB29: Epoch 3:
AB30: W=W+ΔW | AK30: b=b+Δb | AM30: Linear | AO30: Activation | AP30: ȳ | AQ30: Loss | AS30: 𝛿=y-ȳ | AU30: ΔW=-η𝛿Xᵀ | BD30: Δb=-η𝛿
AB31: {=_xlfn.ANCHORARRAY(AB24)+_xlfn.ANCHORARRAY(AU24)} -> -1.01 | AC31: -0.01 | AD31: 0.01 | AE31: -1.11 | AF31: -0.01 | AG31: -0.99 | AH31: 0.29 | AI31: -0.31 | AJ31: 0.49 | AK31: -0.01 | AM31: {=MMULT(_xlfn.ANCHORARRAY(AB31),AM5:AM14)} -> 1.148 | AO31: {=EXP(_xlfn.ANCHORARRAY(AM31))/SUM(EXP(_xlfn.ANCHORARRAY(AM31)))} -> 0.62886324 | AP31: {=_xlfn.ANCHORARRAY($E$10)} -> 1 | AQ31: {=-SUMPRODUCT(_xlfn.ANCHORARRAY(AP31), LN(_xlfn.ANCHORARRAY(AO31)))} -> 0.46384148 | AS31: {=ROUND(_xlfn.ANCHORARRAY(AO31)-AP31:AP34,2)} -> -0.37 | AU31: {=ROUND(-$AV$11*MMULT(_xlfn.ANCHORARRAY(AS31),_xlfn.ANCHORARRAY(AU14)),2)} -> -0.07 | AV31: -0.07 | AW31: -0.09 | AX31: -0.07 | AY31: -0.07 | AZ31: -0.09 | BA31: -0.07 | BB31: -0.07 | BC31: -0.07 | BD31: 0.19
AB32: -0.08 | AC32: 0.22 | AD32: 0.05 | AE32: 0.02 | AF32: 0.32 | AG32: -0.25 | AH32: -0.68 | AI32: -0.88 | AJ32: 0.02 | AK32: -0.9 | AM32: -0.376 | AO32: 0.1369908 | AP32: 0 | AS32: 0.14 | AU32: 0.03 | AV32: 0.03 | AW32: 0.04 | AX32: 0.03 | AY32: 0.03 | AZ32: 0.04 | BA32: 0.03 | BB32: 0.03 | BC32: 0.03 | BD32: -0.07
AB33: -0.47 | AC33: -0.67 | AD33: 0.98 | AE33: -0.67 | AF33: -0.57 | AG33: -0.02 | AH33: -0.07 | AI33: 0.23 | AJ33: 0.13 | AK33: -0.65 | AM33: -0.294 | AO33: 0.14869746 | AP33: 0 | AS33: 0.15 | AU33: 0.03 | AV33: 0.03 | AW33: 0.04 | AX33: 0.03 | AY33: 0.03 | AZ33: 0.04 | BA33: 0.03 | BB33: 0.03 | BC33: 0.03 | BD33: -0.08
AB34: -0.14 | AC34: 0.96 | AD34: 0.87 | AE34: -0.04 | AF34: -0.34 | AG34: 0.57 | AH34: -0.54 | AI34: 0.96 | AJ34: -0.14 | AK34: 0.16 | AM34: -0.848 | AO34: 0.085448495 | AP34: 0 | AS34: 0.09 | AU34: 0.02 | AV34: 0.02 | AW34: 0.02 | AX34: 0.02 | AY34: 0.02 | AZ34: 0.02 | BA34: 0.02 | BB34: 0.02 | BC34: 0.02 | BD34: -0.05
AP43: Epochs | AQ43: Loss
AP44: 1 | AQ44: =AQ17 -> 2.3725887
AP45: 2 | AQ45: =AQ24 -> 1.0565917
AP46: 3 | AQ46: =AQ31 -> 0.46384148

Sheet Backprop_more_image
B2: B | C2: A | D2: C | E2: K | F2: P | G2: R | H2: O | I2: P
D5: TRAINING
C6: Epoch | D6: 1 | G6: {=C6:D6} -> Epoch | H6: 1 | K6: {=_xlfn.ANCHORARRAY(G6)} -> Epoch | L6: 1 | O6: {=_xlfn.ANCHORARRAY(K6)} -> Epoch | P6: 1 | S6: {=_xlfn.ANCHORARRAY(O6)} -> Epoch | T6: 1 | W6: {=_xlfn.ANCHORARRAY(S6)} -> Epoch | X6: 1 | AA6: {=_xlfn.ANCHORARRAY(W6)} -> Epoch | AB6: 1 | AE6: {=_xlfn.ANCHORARRAY(AA6)} -> Epoch | AF6: 1 | AI6: {=_xlfn.ANCHORARRAY(AE6)} -> Epoch | AJ6: 1 | AM6: {=_xlfn.ANCHORARRAY(AI6)} -> Epoch | AN6: 1 | AQ6: {=_xlfn.ANCHORARRAY(AM6)} -> Epoch | AR6: 1 | AU6: {=_xlfn.ANCHORARRAY(AQ6)} -> Epoch | AV6: 1 | AY6: {=_xlfn.ANCHORARRAY(AU6)} -> Epoch | AZ6: 1
G8: 1 | H8: 2 | I8: 3 | J8: 4 | K8: 5 | L8: 6 | M8: 7 | N8: 8 | O8: 9 | P8: 10 | Q8: 11 | R8: 12 | S8: 13 | T8: 14 | U8: 15 | V8: 16 | W8: 17 | X8: 18 | Y8: 19 | Z8: 20
F9: 1 | G9: {=OFFSET('Dataset-Tumor'!D5, 24*(E10-1), 20*(E11-1), 24, 20)} -> 0 | H9: 0 | I9: 0 | J9: 1 | K9: 1 | L9: 0 | M9: 1 | N9: 1 | O9: 1 | P9: 1 | Q9: 1 | R9: 1 | S9: 1 | T9: 0 | U9: 0 | V9: 0 | W9: 0 | X9: 0 | Y9: 0 | Z9: 0 | AE9: Crop index
D10: Class # | E10: 2 | F10: 2 | G10: 0 | H10: 2 | I10: 2 | J10: 2 | K10: 2 | L10: 3 | M10: 3 | N10: 3 | O10: 3 | P10: 2 | Q10: 3 | R10: 3 | S10: 3 | T10: 2 | U10: 2 | V10: 2 | W10: 2 | X10: 2 | Y10: 1 | Z10: 0 | AD10: top | AE10: 17
D11: Sample # | E11: 1 | F11: 3 | G11: 0 | H11: 2 | I11: 2 | J11: 2 | K11: 2 | L11: 3 | M11: 3 | N11: 2 | O11: 4 | P11: 13 | Q11: 1 | R11: 3 | S11: 2 | T11: 3 | U11: 3 | V11: 2 | W11: 3 | X11: 3 | Y11: 2 | Z11: 0 | AD11: left | AE11: 12
F12: 4 | G12: 0 | H12: 2 | I12: 2 | J12: 2 | K12: 2 | L12: 0 | M12: 2 | N12: 2 | O12: 45 | P12: 74 | Q12: 30 | R12: 4 | S12: 7 | T12: 1 | U12: 1 | V12: 3 | W12: 2 | X12: 2 | Y12: 2 | Z12: 0
E13: OHE | F13: 5 | G13: 1 | H13: 3 | I13: 3 | J13: 0 | K13: 9 | L13: 32 | M13: 37 | N13: 54 | O13: 72 | P13: 82 | Q13: 67 | R13: 49 | S13: 42 | T13: 47 | U13: 17 | V13: 0 | W13: 3 | X13: 3 | Y13: 2 | Z13: 0
D14: Glioma | E14: {=TRANSPOSE(IF(_xlfn.SEQUENCE(1,COUNT([0]!Classes),1,1)=E10,1,0))} -> 0 | F14: 6 | G14: 1 | H14: 3 | I14: 1 | J14: 26 | K14: 83 | L14: 85 | M14: 59 | N14: 101 | O14: 80 | P14: 86 | Q14: 77 | R14: 88 | S14: 61 | T14: 89 | U14: 78 | V14: 38 | W14: 0 | X14: 3 | Y14: 3 | Z14: 0 | AE14: X | AI14: X: Normalized | AM14: X: Flatten
D15: Meningioma | E15: 1 | F15: 7 | G15: 1 | H15: 2 | I15: 6 | J15: 90 | K15: 86 | L15: 88 | M15: 100 | N15: 82 | O15: 59 | P15: 80 | Q15: 55 | R15: 81 | S15: 99 | T15: 65 | U15: 75 | V15: 103 | W15: 27 | X15: 1 | Y15: 3 | Z15: 0 | AE15: {=OFFSET(G9,$AE$10-1,$AE$11-1,3,3)} -> 72 | AF15: 68 | AG15: 60 | AI15: {=ROUND((_xlfn.ANCHORARRAY(AE15)-127.5)/127.5,2)} -> -0.44 | AJ15: -0.47 | AK15: -0.53 | AM15: {=ROUND(_xlfn.TOCOL(_xlfn.ANCHORARRAY(AI15)),2)} -> -0.44
D16: No tumor | E16: 0 | F16: 8 | G16: 1 | H16: 0 | I16: 34 | J16: 100 | K16: 70 | L16: 61 | M16: 84 | N16: 27 | O16: 40 | P16: 65 | Q16: 48 | R16: 55 | S16: 94 | T16: 56 | U16: 70 | V16: 110 | W16: 71 | X16: 0 | Y16: 3 | Z16: 1 | AE16: 67 | AF16: 63 | AG16: 47 | AI16: -0.47 | AJ16: -0.51 | AK16: -0.63 | AM16: -0.47
D17: Pituitary | E17: 0 | F17: 9 | G17: 1 | H17: 0 | I17: 63 | J17: 96 | K17: 64 | L17: 73 | M17: 99 | N17: 91 | O17: 56 | P17: 61 | Q17: 51 | R17: 88 | S17: 89 | T17: 77 | U17: 58 | V17: 106 | W17: 89 | X17: 3 | Y17: 3 | Z17: 1 | AE17: 58 | AF17: 45 | AG17: 96 | AI17: -0.55 | AJ17: -0.65 | AK17: -0.25 | AM17: -0.53
F18: 10 | G18: 1 | H18: 1 | I18: 78 | J18: 95 | K18: 81 | L18: 85 | M18: 73 | N18: 41 | O18: 11 | P18: 22 | Q18: 15 | R18: 53 | S18: 53 | T18: 48 | U18: 68 | V18: 99 | W18: 98 | X18: 5 | Y18: 3 | Z18: 1 | AM18: -0.47
F19: 11 | G19: 1 | H19: 1 | I19: 87 | J19: 87 | K19: 65 | L19: 64 | M19: 56 | N19: 63 | O19: 54 | P19: 42 | Q19: 77 | R19: 77 | S19: 61 | T19: 48 | U19: 63 | V19: 82 | W19: 102 | X19: 6 | Y19: 3 | Z19: 1 | AM19: -0.51
F20: 12 | G20: 2 | H20: 3 | I20: 90 | J20: 78 | K20: 45 | L20: 50 | M20: 56 | N20: 86 | O20: 90 | P20: 71 | Q20: 87 | R20: 83 | S20: 79 | T20: 51 | U20: 40 | V20: 54 | W20: 104 | X20: 15 | Y20: 3 | Z20: 1 | AM20: -0.63
F21: 13 | G21: 1 | H21: 2 | I21: 89 | J21: 87 | K21: 28 | L21: 17 | M21: 34 | N21: 83 | O21: 55 | P21: 59 | Q21: 65 | R21: 50 | S21: 37 | T21: 22 | U21: 9 | V21: 35 | W21: 89 | X21: 26 | Y21: 1 | Z21: 1 | AM21: -0.55 | AU21: Learning rate, η | AV21: 0.25
F22: 14 | G22: 1 | H22: 2 | I22: 67 | J22: 83 | K22: 22 | L22: 16 | M22: 62 | N22: 106 | O22: 106 | P22: 74 | Q22: 66 | R22: 74 | S22: 67 | T22: 38 | U22: 11 | V22: 14 | W22: 53 | X22: 24 | Y22: 1 | Z22: 1 | AM22: -0.65
F23: 15 | G23: 2 | H23: 9 | I23: 32 | J23: 57 | K23: 34 | L23: 57 | M23: 110 | N23: 92 | O23: 114 | P23: 77 | Q23: 65 | R23: 77 | S23: 74 | T23: 76 | U23: 80 | V23: 58 | W23: 74 | X23: 51 | Y23: 4 | Z23: 2 | AM23: -0.25 | AU23: Xᵀ
F24: 16 | G24: 1 | H24: 20 | I24: 68 | J24: 98 | K24: 51 | L24: 52 | M24: 75 | N24: 86 | O24: 115 | P24: 80 | Q24: 56 | R24: 74 | S24: 70 | T24: 65 | U24: 62 | V24: 84 | W24: 62 | X24: 25 | Y24: 2 | Z24: 1 | AM24: 1 | AU24: {=TRANSPOSE(AM15:AM24)} -> -0.44 | AV24: -0.47 | AW24: -0.53 | AX24: -0.47 | AY24: -0.51 | AZ24: -0.63 | BA24: -0.55 | BB24: -0.65 | BC24: -0.25 | BD24: 1
F25: 17 | G25: 1 | H25: 5 | I25: 20 | J25: 109 | K25: 80 | L25: 40 | M25: 57 | N25: 76 | O25: 82 | P25: 67 | Q25: 66 | R25: 72 | S25: 68 | T25: 60 | U25: 50 | V25: 123 | W25: 24 | X25: 0 | Y25: 3 | Z25: 1
F26: 18 | G26: 1 | H26: 3 | I26: 0 | J26: 32 | K26: 126 | L26: 56 | M26: 42 | N26: 49 | O26: 58 | P26: 60 | Q26: 67 | R26: 67 | S26: 63 | T26: 47 | U26: 115 | V26: 77 | W26: 0 | X26: 2 | Y26: 2 | Z26: 1 | AB26: W₀ = Rand | AK26: b₀ = Rand | AM26: W.X+b | AO26: y=𝑒/∑𝑒 | AP26: ȳ | AQ26: CE | AS26: 𝛿=y-ȳ | AU26: ΔW=-η𝛿Xᵀ | BD26: Δb=-η𝛿
F27: 19 | G27: 1 | H27: 2 | I27: 3 | J27: 0 | K27: 48 | L27: 110 | M27: 50 | N27: 42 | O27: 54 | P27: 82 | Q27: 67 | R27: 58 | S27: 45 | T27: 96 | U27: 100 | V27: 2 | W27: 2 | X27: 2 | Y27: 2 | Z27: 0 | AB27: {=ROUND(_xlfn.RANDARRAY(COUNT([0]!Classes), COUNT(AM15:AM24),-1,1),2)} -> 0.63 | AC27: 0.48 | AD27: -0.15 | AE27: 0.24 | AF27: 0.53 | AG27: 0.12 | AH27: -0.82 | AI27: 0.17 | AJ27: 0.14 | AK27: -0.55 | AM27: {=ROUND(MMULT(_xlfn.ANCHORARRAY(AB27),AM15:AM24),2)} -> -1.13 | AO27: {=EXP(_xlfn.ANCHORARRAY(AM27))/SUM(EXP(_xlfn.ANCHORARRAY(AM27)))} -> 0.012608407 | AP27: {=_xlfn.ANCHORARRAY(E14)} -> 0 | AQ27: {=-SUMPRODUCT(_xlfn.ANCHORARRAY(AP27), LN(_xlfn.ANCHORARRAY(AO27)))} -> 0.47339147 | AS27: {=ROUND(_xlfn.ANCHORARRAY(AO27)-AP27:AP30,2)} -> 0.01 | AU27: {=ROUND(-$AV$21*MMULT(_xlfn.ANCHORARRAY(AS27),_xlfn.ANCHORARRAY(AU24)),2)} -> 0 | AV27: 0 | AW27: 0 | AX27: 0 | AY27: 0 | AZ27: 0 | BA27: 0 | BB27: 0 | BC27: 0 | BD27: 0
F28: 20 | G28: 1 | H28: 2 | I28: 2 | J28: 2 | K28: 0 | L28: 32 | M28: 97 | N28: 88 | O28: 65 | P28: 61 | Q28: 56 | R28: 62 | S28: 102 | T28: 87 | U28: 8 | V28: 1 | W28: 2 | X28: 2 | Y28: 2 | Z28: 1 | AB28: 0.67 | AC28: -0.84 | AD28: -0.66 | AE28: 0.05 | AF28: -0.14 | AG28: -0.71 | AH28: -0.67 | AI28: -0.79 | AJ28: -0.52 | AK28: 0.81 | AM28: 2.77 | AO28: 0.62288618 | AP28: 1 | AS28: -0.38 | AU28: -0.04 | AV28: -0.04 | AW28: -0.05 | AX28: -0.04 | AY28: -0.05 | AZ28: -0.06 | BA28: -0.05 | BB28: -0.06 | BC28: -0.02 | BD28: 0.1
F29: 21 | G29: 1 | H29: 2 | I29: 2 | J29: 2 | K29: 2 | L29: 0 | M29: 10 | N29: 67 | O29: 105 | P29: 96 | Q29: 85 | R29: 89 | S29: 44 | T29: 0 | U29: 1 | V29: 2 | W29: 2 | X29: 2 | Y29: 2 | Z29: 0 | AB29: -0.72 | AC29: 0.05 | AD29: 0.06 | AE29: -0.48 | AF29: 0.44 | AG29: -0.19 | AH29: -0.72 | AI29: 0.21 | AJ29: -0.03 | AK29: 0.3 | AM29: 0.95 | AO29: 0.1009236 | AP29: 0 | AS29: 0.1 | AU29: 0.01 | AV29: 0.01 | AW29: 0.01 | AX29: 0.01 | AY29: 0.01 | AZ29: 0.02 | BA29: 0.01 | BB29: 0.02 | BC29: 0.01 | BD29: -0.03
F30: 22 | G30: 1 | H30: 2 | I30: 2 | J30: 2 | K30: 2 | L30: 2 | M30: 1 | N30: 0 | O30: 3 | P30: 10 | Q30: 8 | R30: 0 | S30: 0 | T30: 2 | U30: 2 | V30: 2 | W30: 2 | X30: 2 | Y30: 2 | Z30: 0 | AB30: -0.12 | AC30: -0.81 | AD30: -0.91 | AE30: 0.72 | AF30: -0.46 | AG30: -0.08 | AH30: -0.8 | AI30: -0.18 | AJ30: 0.09 | AK30: 0.51 | AM30: 1.91 | AO30: 0.26358181 | AP30: 0 | AS30: 0.26 | AU30: 0.03 | AV30: 0.03 | AW30: 0.03 | AX30: 0.03 | AY30: 0.03 | AZ30: 0.04 | BA30: 0.04 | BB30: 0.04 | BC30: 0.02 | BD30: -0.07
F31: 23 | G31: 0 | H31: 2 | I31: 2 | J31: 2 | K31: 2 | L31: 2 | M31: 2 | N31: 2 | O31: 2 | P31: 1 | Q31: 1 | R31: 2 | S31: 2 | T31: 2 | U31: 2 | V31: 2 | W31: 2 | X31: 3 | Y31: 2 | Z31: 0
F32: 24 | G32: 0 | H32: 1 | I32: 1 | J32: 1 | K32: 1 | L32: 2 | M32: 1 | N32: 2 | O32: 2 | P32: 1 | Q32: 1 | R32: 1 | S32: 1 | T32: 1 | U32: 1 | V32: 1 | W32: 1 | X32: 1 | Y32: 1 | Z32: 0
C34: Epoch | D34: 2 | G34: {=C34:D34} -> Epoch | H34: 2 | K34: {=_xlfn.ANCHORARRAY(G34)} -> Epoch | L34: 2 | O34: {=_xlfn.ANCHORARRAY(K34)} -> Epoch | P34: 2 | S34: {=_xlfn.ANCHORARRAY(O34)} -> Epoch | T34: 2 | W34: {=_xlfn.ANCHORARRAY(S34)} -> Epoch | X34: 2 | AA34: {=_xlfn.ANCHORARRAY(W34)} -> Epoch | AB34: 2 | AE34: {=_xlfn.ANCHORARRAY(AA34)} -> Epoch | AF34: 2 | AI34: {=_xlfn.ANCHORARRAY(AE34)} -> Epoch | AJ34: 2 | AM34: {=_xlfn.ANCHORARRAY(AI34)} -> Epoch | AN34: 2 | AQ34: {=_xlfn.ANCHORARRAY(AM34)} -> Epoch | AR34: 2 | AU34: {=_xlfn.ANCHORARRAY(AQ34)} -> Epoch | AV34: 2 | AY34: {=_xlfn.ANCHORARRAY(AU34)} -> Epoch | AZ34: 2
G36: 1 | H36: 2 | I36: 3 | J36: 4 | K36: 5 | L36: 6 | M36: 7 | N36: 8 | O36: 9 | P36: 10 | Q36: 11 | R36: 12 | S36: 13 | T36: 14 | U36: 15 | V36: 16 | W36: 17 | X36: 18 | Y36: 19 | Z36: 20
F37: 1 | G37: {=OFFSET('Dataset-Tumor'!D5, 24*(E38-1), 20*(E39-1), 24, 20)} -> 0 | H37: 0 | I37: 0 | J37: 0 | K37: 1 | L37: 1 | M37: 1 | N37: 1 | O37: 1 | P37: 1 | Q37: 1 | R37: 1 | S37: 1 | T37: 1 | U37: 1 | V37: 1 | W37: 0 | X37: 0 | Y37: 0 | Z37: 0
D38: Class # | E38: 2 | F38: 2 | G38: 0 | H38: 3 | I38: 4 | J38: 4 | K38: 4 | L38: 4 | M38: 4 | N38: 4 | O38: 4 | P38: 4 | Q38: 4 | R38: 3 | S38: 3 | T38: 3 | U38: 4 | V38: 3 | W38: 4 | X38: 4 | Y38: 3 | Z38: 0
D39: Sample # | E39: 2 | F39: 3 | G39: 0 | H39: 3 | I39: 4 | J39: 4 | K39: 3 | L39: 4 | M39: 4 | N39: 4 | O39: 4 | P39: 4 | Q39: 4 | R39: 4 | S39: 4 | T39: 3 | U39: 4 | V39: 3 | W39: 4 | X39: 4 | Y39: 3 | Z39: 0
F40: 4 | G40: 0 | H40: 3 | I40: 4 | J40: 4 | K40: 4 | L40: 4 | M40: 4 | N40: 5 | O40: 5 | P40: 4 | Q40: 4 | R40: 5 | S40: 4 | T40: 4 | U40: 4 | V40: 3 | W40: 4 | X40: 4 | Y40: 4 | Z40: 0
E41: OHE | F41: 5 | G41: 0 | H41: 3 | I41: 4 | J41: 3 | K41: 4 | L41: 5 | M41: 5 | N41: 2 | O41: 2 | P41: 6 | Q41: 6 | R41: 1 | S41: 1 | T41: 4 | U41: 4 | V41: 3 | W41: 3 | X41: 4 | Y41: 4 | Z41: 1
D42: Glioma | E42: {=TRANSPOSE(IF(_xlfn.SEQUENCE(1, COUNT([0]!Classes),1,1)=E38,1,0))} -> 0 | F42: 6 | G42: 1 | H42: 3 | I42: 4 | J42: 4 | K42: 5 | L42: 5 | M42: 4 | N42: 44 | O42: 105 | P42: 130 | Q42: 132 | R42: 108 | S42: 48 | T42: 3 | U42: 4 | V42: 4 | W42: 4 | X42: 4 | Y42: 4 | Z42: 1 | AE42: X | AI42: X: Normalized | AM42: X: Flatten
D43: Meningioma | E43: 1 | F43: 7 | G43: 1 | H43: 4 | I43: 4 | J43: 5 | K43: 5 | L43: 4 | M43: 71 | N43: 144 | O43: 115 | P43: 98 | Q43: 102 | R43: 129 | S43: 155 | T43: 79 | U43: 1 | V43: 5 | W43: 4 | X43: 4 | Y43: 4 | Z43: 1 | AE43: {=OFFSET(G37,$AE$10-1,$AE$11-1,3,3)} -> 87 | AF43: 81 | AG43: 72 | AI43: {=ROUND((_xlfn.ANCHORARRAY(AE43)-127.5)/127.5,2)} -> -0.32 | AJ43: -0.36 | AK43: -0.44 | AM43: {=ROUND(_xlfn.TOCOL(_xlfn.ANCHORARRAY(AI43)),2)} -> -0.32
D44: No tumor | E44: 0 | F44: 8 | G44: 1 | H44: 4 | I44: 5 | J44: 5 | K44: 2 | L44: 44 | M44: 137 | N44: 76 | O44: 63 | P44: 85 | Q44: 95 | R44: 63 | S44: 79 | T44: 153 | U44: 57 | V44: 1 | W44: 5 | X44: 4 | Y44: 4 | Z44: 1 | AE44: 88 | AF44: 100 | AG44: 156 | AI44: -0.31 | AJ44: -0.22 | AK44: 0.22 | AM44: -0.36
D45: Pituitary | E45: 0 | F45: 9 | G45: 1 | H45: 4 | I45: 5 | J45: 5 | K45: 10 | L45: 112 | M45: 106 | N45: 64 | O45: 71 | P45: 87 | Q45: 91 | R45: 80 | S45: 72 | T45: 103 | U45: 147 | V45: 18 | W45: 3 | X45: 5 | Y45: 4 | Z45: 1 | AE45: 172 | AF45: 172 | AG45: 117 | AI45: 0.35 | AJ45: 0.35 | AK45: -0.08 | AM45: -0.44
F46: 10 | G46: 1 | H46: 5 | I46: 5 | J46: 2 | K46: 55 | L46: 134 | M46: 71 | N46: 79 | O46: 128 | P46: 172 | Q46: 120 | R46: 82 | S46: 81 | T46: 68 | U46: 141 | V46: 94 | W46: 1 | X46: 4 | Y46: 4 | Z46: 1 | AM46: -0.31
F47: 11 | G47: 1 | H47: 5 | I47: 4 | J47: 7 | K47: 115 | L47: 101 | M47: 66 | N47: 113 | O47: 163 | P47: 165 | Q47: 147 | R47: 85 | S47: 93 | T47: 79 | U47: 87 | V47: 158 | W47: 31 | X47: 2 | Y47: 4 | Z47: 1 | AM47: -0.22
F48: 12 | G48: 1 | H48: 5 | I48: 2 | J48: 31 | K48: 141 | L48: 79 | M48: 73 | N48: 140 | O48: 161 | P48: 161 | Q48: 141 | R48: 87 | S48: 97 | T48: 90 | U48: 76 | V48: 138 | W48: 88 | X48: 0 | Y48: 5 | Z48: 2 | AM48: 0.22
F49: 13 | G49: 1 | H49: 5 | I49: 0 | J49: 56 | K49: 144 | L49: 81 | M49: 80 | N49: 111 | O49: 189 | P49: 181 | Q49: 127 | R49: 92 | S49: 99 | T49: 95 | U49: 85 | V49: 116 | W49: 121 | X49: 3 | Y49: 5 | Z49: 2 | AM49: 0.35
F50: 14 | G50: 1 | H50: 5 | I50: 1 | J50: 52 | K50: 146 | L50: 83 | M50: 83 | N50: 87 | O50: 133 | P50: 108 | Q50: 92 | R50: 100 | S50: 97 | T50: 96 | U50: 87 | V50: 116 | W50: 131 | X50: 4 | Y50: 4 | Z50: 2 | AM50: 0.35
F51: 15 | G51: 1 | H51: 5 | I51: 3 | J51: 20 | K51: 145 | L51: 108 | M51: 85 | N51: 86 | O51: 88 | P51: 88 | Q51: 94 | R51: 98 | S51: 98 | T51: 88 | U51: 76 | V51: 140 | W51: 103 | X51: 1 | Y51: 4 | Z51: 1 | AM51: -0.08 | AU51: Xᵀ
F52: 16 | G52: 1 | H52: 4 | I52: 5 | J52: 1 | K52: 88 | L52: 154 | M52: 77 | N52: 87 | O52: 93 | P52: 96 | Q52: 100 | R52: 93 | S52: 95 | T52: 77 | U52: 85 | V52: 173 | W52: 52 | X52: 0 | Y52: 4 | Z52: 1 | AM52: 1 | AU52: {=TRANSPOSE(AM43:AM52)} -> -0.32 | AV52: -0.36 | AW52: -0.44 | AX52: -0.31 | AY52: -0.22 | AZ52: 0.22 | BA52: 0.35 | BB52: 0.35 | BC52: -0.08 | BD52: 1
F53: 17 | G53: 1 | H53: 4 | I53: 4 | J53: 3 | K53: 15 | L53: 139 | M53: 125 | N53: 73 | O53: 87 | P53: 94 | Q53: 93 | R53: 87 | S53: 81 | T53: 72 | U53: 159 | V53: 136 | W53: 8 | X53: 3 | Y53: 5 | Z53: 1
F54: 18 | G54: 1 | H54: 4 | I54: 5 | J54: 5 | K54: 2 | L54: 42 | M54: 154 | N54: 137 | O54: 92 | P54: 94 | Q54: 95 | R54: 88 | S54: 100 | T54: 156 | U54: 157 | V54: 37 | W54: 1 | X54: 5 | Y54: 5 | Z54: 1 | AB54: W=W+ΔW | AK54: b=b+Δb | AM54: WX+b | AO54: y=𝑒/∑𝑒 | AP54: ȳ | AQ54: CE | AS54: 𝛿=y-ȳ | AU54: ΔW=-η𝛿Xᵀ | BD54: Δb=-η𝛿
F55: 19 | G55: 1 | H55: 4 | I55: 4 | J55: 4 | K55: 4 | L55: 0 | M55: 35 | N55: 124 | O55: 163 | P55: 170 | Q55: 160 | R55: 172 | S55: 172 | T55: 117 | U55: 31 | V55: 0 | W55: 4 | X55: 4 | Y55: 4 | Z55: 1 | AB55: {=ROUND(_xlfn.ANCHORARRAY(AB27)+_xlfn.ANCHORARRAY(AU27),2)} -> 0.63 | AC55: 0.48 | AD55: -0.15 | AE55: 0.24 | AF55: 0.53 | AG55: 0.12 | AH55: -0.82 | AI55: 0.17 | AJ55: 0.14 | AK55: -0.55 | AM55: {=ROUND(MMULT(_xlfn.ANCHORARRAY(AB55),$AM$43:$AM$52),2)} -> -1.26 | AO55: {=EXP(_xlfn.ANCHORARRAY(AM55))/SUM(EXP(_xlfn.ANCHORARRAY(AM55)))} -> 0.050760629 | AP55: {=_xlfn.ANCHORARRAY(E42)} -> 0 | AQ55: {=-SUMPRODUCT(_xlfn.ANCHORARRAY(AP55), LN(_xlfn.ANCHORARRAY(AO55)))} -> 1.0206342 | AS55: {=ROUND(_xlfn.ANCHORARRAY(AO55)-AP55:AP58,2)} -> 0.05 | AU55: {=ROUND(-$AV$21*MMULT(_xlfn.ANCHORARRAY(AS55),_xlfn.ANCHORARRAY(AU52)),2)} -> 0 | AV55: 0 | AW55: 0.01 | AX55: 0 | AY55: 0 | AZ55: 0 | BA55: 0 | BB55: 0 | BC55: 0 | BD55: -0.01
F56: 20 | G56: 1 | H56: 4 | I56: 3 | J56: 3 | K56: 3 | L56: 3 | M56: 0 | N56: 7 | O56: 39 | P56: 73 | Q56: 88 | R56: 77 | S56: 41 | T56: 7 | U56: 0 | V56: 3 | W56: 3 | X56: 3 | Y56: 4 | Z56: 1 | AB56: 0.63 | AC56: -0.88 | AD56: -0.71 | AE56: 0.01 | AF56: -0.19 | AG56: -0.77 | AH56: -0.72 | AI56: -0.85 | AJ56: -0.54 | AK56: 0.91 | AM56: 0.7 | AO56: 0.36036631 | AP56: 1 | AS56: -0.64 | AU56: -0.05 | AV56: -0.06 | AW56: -0.07 | AX56: -0.05 | AY56: -0.04 | AZ56: 0.04 | BA56: 0.06 | BB56: 0.06 | BC56: -0.01 | BD56: 0.16
F57: 21 | G57: 1 | H57: 4 | I57: 4 | J57: 3 | K57: 3 | L57: 3 | M57: 3 | N57: 2 | O57: 0 | P57: 0 | Q57: 0 | R57: 0 | S57: 0 | T57: 2 | U57: 3 | V57: 3 | W57: 3 | X57: 3 | Y57: 3 | Z57: 1 | AB57: -0.71 | AC57: 0.06 | AD57: 0.07 | AE57: -0.47 | AF57: 0.45 | AG57: -0.17 | AH57: -0.71 | AI57: 0.23 | AJ57: -0.02 | AK57: 0.27 | AM57: 0.29 | AO57: 0.23915719 | AP57: 0 | AS57: 0.24 | AU57: 0.02 | AV57: 0.02 | AW57: 0.03 | AX57: 0.02 | AY57: 0.01 | AZ57: -0.01 | BA57: -0.02 | BB57: -0.02 | BC57: 0 | BD57: -0.06
F58: 22 | G58: 0 | H58: 4 | I58: 4 | J58: 3 | K58: 3 | L58: 3 | M58: 3 | N58: 3 | O58: 3 | P58: 3 | Q58: 3 | R58: 3 | S58: 3 | T58: 3 | U58: 3 | V58: 4 | W58: 3 | X58: 4 | Y58: 4 | Z58: 1 | AB58: -0.09 | AC58: -0.78 | AD58: -0.88 | AE58: 0.75 | AF58: -0.43 | AG58: -0.04 | AH58: -0.76 | AI58: -0.14 | AJ58: 0.11 | AK58: 0.44 | AM58: 0.67 | AO58: 0.34971587 | AP58: 0 | AS58: 0.35 | AU58: 0.03 | AV58: 0.03 | AW58: 0.04 | AX58: 0.03 | AY58: 0.02 | AZ58: -0.02 | BA58: -0.03 | BB58: -0.03 | BC58: 0.01 | BD58: -0.09
F59: 23 | G59: 0 | H59: 3 | I59: 4 | J59: 4 | K59: 4 | L59: 3 | M59: 3 | N59: 3 | O59: 3 | P59: 3 | Q59: 3 | R59: 3 | S59: 4 | T59: 3 | U59: 3 | V59: 4 | W59: 4 | X59: 4 | Y59: 3 | Z59: 0
F60: 24 | G60: 0 | H60: 1 | I60: 1 | J60: 1 | K60: 2 | L60: 2 | M60: 2 | N60: 2 | O60: 2 | P60: 2 | Q60: 2 | R60: 2 | S60: 2 | T60: 2 | U60: 2 | V60: 2 | W60: 2 | X60: 1 | Y60: 1 | Z60: 0
C62: Epoch | D62: 3 | G62: {=C62:D62} -> Epoch | H62: 3 | K62: {=_xlfn.ANCHORARRAY(G62)} -> Epoch | L62: 3 | O62: {=_xlfn.ANCHORARRAY(K62)} -> Epoch | P62: 3 | S62: {=_xlfn.ANCHORARRAY(O62)} -> Epoch | T62: 3 | W62: {=_xlfn.ANCHORARRAY(S62)} -> Epoch | X62: 3 | AA62: {=_xlfn.ANCHORARRAY(W62)} -> Epoch | AB62: 3 | AE62: {=_xlfn.ANCHORARRAY(AA62)} -> Epoch | AF62: 3 | AI62: {=_xlfn.ANCHORARRAY(AE62)} -> Epoch | AJ62: 3 | AM62: {=_xlfn.ANCHORARRAY(AI62)} -> Epoch | AN62: 3 | AQ62: {=_xlfn.ANCHORARRAY(AM62)} -> Epoch | AR62: 3 | AU62: {=_xlfn.ANCHORARRAY(AQ62)} -> Epoch | AV62: 3 | AY62: {=_xlfn.ANCHORARRAY(AU62)} -> Epoch | AZ62: 3
G64: 1 | H64: 2 | I64: 3 | J64: 4 | K64: 5 | L64: 6 | M64: 7 | N64: 8 | O64: 9 | P64: 10 | Q64: 11 | R64: 12 | S64: 13 | T64: 14 | U64: 15 | V64: 16 | W64: 17 | X64: 18 | Y64: 19 | Z64: 20
F65: 1 | G65: {=OFFSET('Dataset-Tumor'!D5, 24*(E66-1), 20*(E67-1), 24, 20)} -> 0 | H65: 0 | I65: 1 | J65: 1 | K65: 1 | L65: 1 | M65: 1 | N65: 1 | O65: 1 | P65: 1 | Q65: 1 | R65: 1 | S65: 1 | T65: 1 | U65: 1 | V65: 1 | W65: 1 | X65: 1 | Y65: 0 | Z65: 0
D66: Class # | E66: 2 | F66: 2 | G66: 0 | H66: 3 | I66: 4 | J66: 4 | K66: 4 | L66: 4 | M66: 4 | N66: 4 | O66: 4 | P66: 4 | Q66: 4 | R66: 4 | S66: 4 | T66: 4 | U66: 4 | V66: 4 | W66: 4 | X66: 4 | Y66: 3 | Z66: 0
D67: Sample # | E67: 3 | F67: 3 | G67: 0 | H67: 3 | I67: 4 | J67: 4 | K67: 4 | L67: 4 | M67: 4 | N67: 4 | O67: 4 | P67: 3 | Q67: 4 | R67: 3 | S67: 3 | T67: 4 | U67: 4 | V67: 4 | W67: 4 | X67: 4 | Y67: 4 | Z67: 0
F68: 4 | G68: 0 | H68: 4 | I68: 4 | J68: 4 | K68: 3 | L68: 3 | M68: 3 | N68: 4 | O68: 5 | P68: 5 | Q68: 4 | R68: 4 | S68: 3 | T68: 3 | U68: 3 | V68: 4 | W68: 4 | X68: 4 | Y68: 4 | Z68: 1
E69: OHE | F69: 5 | G69: 1 | H69: 3 | I69: 4 | J69: 3 | K69: 3 | L69: 4 | M69: 5 | N69: 5 | O69: 4 | P69: 3 | Q69: 3 | R69: 4 | S69: 5 | T69: 4 | U69: 3 | V69: 3 | W69: 4 | X69: 4 | Y69: 4 | Z69: 1
D70: Glioma | E70: {=TRANSPOSE(IF(_xlfn.SEQUENCE(1, COUNT([0]!Classes),1,1)=E66,1,0))} -> 0 | F70: 6 | G70: 1 | H70: 4 | I70: 3 | J70: 3 | K70: 3 | L70: 5 | M70: 5 | N70: 3 | O70: 8 | P70: 20 | Q70: 22 | R70: 10 | S70: 2 | T70: 4 | U70: 5 | V70: 4 | W70: 4 | X70: 4 | Y70: 4 | Z70: 1 | AE70: X | AI70: X: Normalized | AM70: X: Flatten
D71: Meningioma | E71: 1 | F71: 7 | G71: 1 | H71: 4 | I71: 4 | J71: 4 | K71: 4 | L71: 5 | M71: 4 | N71: 43 | O71: 109 | P71: 142 | Q71: 151 | R71: 131 | S71: 60 | T71: 6 | U71: 5 | V71: 5 | W71: 4 | X71: 4 | Y71: 4 | Z71: 1 | AE71: {=OFFSET(G65,$AE$10-1,$AE$11-1,3,3)} -> 74 | AF71: 87 | AG71: 170 | AI71: {=ROUND((_xlfn.ANCHORARRAY(AE71)-127.5)/127.5,2)} -> -0.42 | AJ71: -0.32 | AK71: 0.33 | AM71: {=ROUND(_xlfn.TOCOL(_xlfn.ANCHORARRAY(AI71)),2)} -> -0.42
D72: No tumor | E72: 0 | F72: 8 | G72: 1 | H72: 4 | I72: 4 | J72: 4 | K72: 5 | L72: 3 | M72: 44 | N72: 131 | O72: 125 | P72: 95 | Q72: 92 | R72: 132 | S72: 160 | T72: 71 | U72: 2 | V72: 5 | W72: 4 | X72: 4 | Y72: 4 | Z72: 1 | AE72: 156 | AF72: 176 | AG72: 152 | AI72: 0.22 | AJ72: 0.38 | AK72: 0.19 | AM72: -0.32
D73: Pituitary | E73: 0 | F73: 9 | G73: 1 | H73: 4 | I73: 4 | J73: 5 | K73: 4 | L73: 16 | M73: 115 | N73: 103 | O73: 64 | P73: 86 | Q73: 82 | R73: 68 | S73: 104 | T73: 162 | U73: 41 | V73: 1 | W73: 5 | X73: 4 | Y73: 4 | Z73: 1 | AE73: 120 | AF73: 92 | AG73: 33 | AI73: -0.06 | AJ73: -0.28 | AK73: -0.74 | AM73: 0.33
F74: 10 | G74: 1 | H74: 4 | I74: 5 | J74: 5 | K74: 2 | L74: 66 | M74: 127 | N74: 73 | O74: 131 | P74: 164 | Q74: 123 | R74: 72 | S74: 70 | T74: 140 | U74: 131 | V74: 8 | W74: 4 | X74: 4 | Y74: 4 | Z74: 2 | AM74: 0.22
F75: 11 | G75: 1 | H75: 4 | I75: 5 | J75: 3 | K75: 18 | L75: 122 | M75: 95 | N75: 111 | O75: 152 | P75: 156 | Q75: 130 | R75: 77 | S75: 78 | T75: 82 | U75: 171 | V75: 63 | W75: 1 | X75: 4 | Y75: 4 | Z75: 2 | AM75: 0.38
F76: 12 | G76: 1 | H76: 4 | I76: 5 | J76: 2 | K76: 55 | L76: 138 | M76: 81 | N76: 156 | O76: 152 | P76: 157 | Q76: 142 | R76: 85 | S76: 89 | T76: 69 | U76: 136 | V76: 133 | W76: 10 | X76: 3 | Y76: 4 | Z76: 2 | AM76: 0.19
F77: 13 | G77: 1 | H77: 4 | I77: 5 | J77: 3 | K77: 92 | L77: 130 | M77: 75 | N77: 149 | O77: 176 | P77: 173 | Q77: 132 | R77: 90 | S77: 97 | T77: 80 | U77: 105 | V77: 161 | W77: 30 | X77: 1 | Y77: 4 | Z77: 2 | AM77: -0.06
F78: 14 | G78: 1 | H78: 4 | I78: 4 | J78: 3 | K78: 97 | L78: 139 | M78: 77 | N78: 85 | O78: 125 | P78: 107 | Q78: 86 | R78: 94 | S78: 93 | T78: 92 | U78: 108 | V78: 162 | W78: 36 | X78: 1 | Y78: 4 | Z78: 2 | AM78: -0.28
F79: 15 | G79: 1 | H79: 4 | I79: 4 | J79: 1 | K79: 61 | L79: 159 | M79: 92 | N79: 79 | O79: 84 | P79: 92 | Q79: 107 | R79: 95 | S79: 86 | T79: 78 | U79: 131 | V79: 153 | W79: 21 | X79: 2 | Y79: 4 | Z79: 2 | AM79: -0.74 | AU79: Xᵀ
F80: 16 | G80: 1 | H80: 4 | I80: 5 | J80: 4 | K80: 15 | L80: 133 | M80: 147 | N80: 85 | O80: 90 | P80: 93 | Q80: 99 | R80: 91 | S80: 77 | T80: 88 | U80: 173 | V80: 108 | W80: 5 | X80: 4 | Y80: 4 | Z80: 2 | AM80: 1 | AU80: {=TRANSPOSE(AM71:AM80)} -> -0.42 | AV80: -0.32 | AW80: 0.33 | AX80: 0.22 | AY80: 0.38 | AZ80: 0.19 | BA80: -0.06 | BB80: -0.28 | BC80: -0.74 | BD80: 1
F81: 17 | G81: 1 | H81: 4 | I81: 5 | J81: 6 | K81: 1 | L81: 52 | M81: 168 | N81: 141 | O81: 95 | P81: 84 | Q81: 53 | R81: 74 | S81: 87 | T81: 170 | U81: 162 | V81: 38 | W81: 2 | X81: 5 | Y81: 4 | Z81: 2
F82: 18 | G82: 1 | H82: 4 | I82: 4 | J82: 4 | K82: 4 | L82: 3 | M82: 68 | N82: 159 | O82: 171 | P82: 159 | Q82: 157 | R82: 156 | S82: 176 | T82: 152 | U82: 57 | V82: 2 | W82: 4 | X82: 4 | Y82: 4 | Z82: 1 | AB82: W=W+ΔW | AK82: b=b+Δb | AM82: WX+b | AO82: y=𝑒/∑𝑒 | AP82: ȳ | AQ82: CE | AS82: 𝛿=y-ȳ | AU82: ΔW=-η𝛿Xᵀ | BD82: Δb=-η𝛿
F83: 19 | G83: 1 | H83: 4 | I83: 3 | J83: 3 | K83: 3 | L83: 3 | M83: 3 | N83: 41 | O83: 95 | P83: 128 | Q83: 132 | R83: 120 | S83: 92 | T83: 33 | U83: 1 | V83: 3 | W83: 3 | X83: 3 | Y83: 4 | Z83: 1 | AB83: {=ROUND(_xlfn.ANCHORARRAY(AB55)+_xlfn.ANCHORARRAY(AU55),2)} -> 0.63 | AC83: 0.48 | AD83: -0.14 | AE83: 0.24 | AF83: 0.53 | AG83: 0.12 | AH83: -0.82 | AI83: 0.17 | AJ83: 0.14 | AK83: -0.56 | AM83: {=ROUND(MMULT(_xlfn.ANCHORARRAY(AB83),$AM$71:$AM$80),2)} -> -0.85 | AO83: {=EXP(_xlfn.ANCHORARRAY(AM83))/SUM(EXP(_xlfn.ANCHORARRAY(AM83)))} -> 0.058961655 | AP83: {=_xlfn.ANCHORARRAY(E70)} -> 0 | AQ83: {=-SUMPRODUCT(_xlfn.ANCHORARRAY(AP83), LN(_xlfn.ANCHORARRAY(AO83)))} -> 0.68086797 | AS83: {=ROUND(_xlfn.ANCHORARRAY(AO83)-AP83:AP86,2)} -> 0.06 | AU83: {=ROUND(-$AV$21*MMULT(_xlfn.ANCHORARRAY(AS83),_xlfn.ANCHORARRAY(AU80)),2)} -> 0.01 | AV83: 0 | AW83: 0 | AX83: 0 | AY83: -0.01 | AZ83: 0 | BA83: 0 | BB83: 0 | BC83: 0.01 | BD83: -0.02
F84: 20 | G84: 1 | H84: 4 | I84: 4 | J84: 3 | K84: 3 | L84: 4 | M84: 4 | N84: 1 | O84: 2 | P84: 10 | Q84: 13 | R84: 10 | S84: 2 | T84: 0 | U84: 3 | V84: 3 | W84: 3 | X84: 3 | Y84: 4 | Z84: 1 | AB84: 0.58 | AC84: -0.94 | AD84: -0.78 | AE84: -0.04 | AF84: -0.23 | AG84: -0.73 | AH84: -0.66 | AI84: -0.79 | AJ84: -0.55 | AK84: 1.07 | AM84: 1.3 | AO84: 0.50617746 | AP84: 1 | AS84: -0.49 | AU84: -0.05 | AV84: -0.04 | AW84: 0.04 | AX84: 0.03 | AY84: 0.05 | AZ84: 0.02 | BA84: -0.01 | BB84: -0.03 | BC84: -0.09 | BD84: 0.12
F85: 21 | G85: 1 | H85: 4 | I85: 3 | J85: 3 | K85: 3 | L85: 3 | M85: 3 | N85: 3 | O85: 3 | P85: 2 | Q85: 2 | R85: 2 | S85: 3 | T85: 3 | U85: 3 | V85: 3 | W85: 3 | X85: 3 | Y85: 4 | Z85: 1 | AB85: -0.69 | AC85: 0.08 | AD85: 0.1 | AE85: -0.45 | AF85: 0.46 | AG85: -0.18 | AH85: -0.73 | AI85: 0.21 | AJ85: -0.02 | AK85: 0.21 | AM85: 0.55 | AO85: 0.2391013 | AP85: 0 | AS85: 0.24 | AU85: 0.03 | AV85: 0.02 | AW85: -0.02 | AX85: -0.01 | AY85: -0.02 | AZ85: -0.01 | BA85: 0 | BB85: 0.02 | BC85: 0.04 | BD85: -0.06
F86: 22 | G86: 1 | H86: 4 | I86: 4 | J86: 3 | K86: 3 | L86: 3 | M86: 3 | N86: 3 | O86: 3 | P86: 3 | Q86: 3 | R86: 3 | S86: 3 | T86: 3 | U86: 3 | V86: 3 | W86: 4 | X86: 4 | Y86: 3 | Z86: 1 | AB86: -0.06 | AC86: -0.75 | AD86: -0.84 | AE86: 0.78 | AF86: -0.41 | AG86: -0.06 | AH86: -0.79 | AI86: -0.17 | AJ86: 0.12 | AK86: 0.35 | AM86: 0.35 | AO86: 0.19575959 | AP86: 0 | AS86: 0.2 | AU86: 0.02 | AV86: 0.02 | AW86: -0.02 | AX86: -0.01 | AY86: -0.02 | AZ86: -0.01 | BA86: 0 | BB86: 0.01 | BC86: 0.04 | BD86: -0.05
F87: 23 | G87: 0 | H87: 4 | I87: 4 | J87: 4 | K87: 4 | L87: 4 | M87: 3 | N87: 4 | O87: 4 | P87: 3 | Q87: 3 | R87: 4 | S87: 3 | T87: 3 | U87: 4 | V87: 3 | W87: 4 | X87: 4 | Y87: 4 | Z87: 1
F88: 24 | G88: 0 | H88: 1 | I88: 1 | J88: 2 | K88: 2 | L88: 2 | M88: 2 | N88: 2 | O88: 2 | P88: 2 | Q88: 2 | R88: 2 | S88: 2 | T88: 2 | U88: 2 | V88: 2 | W88: 2 | X88: 2 | Y88: 1 | Z88: 0
C90: Epoch | D90: 4 | G90: {=C90:D90} -> Epoch | H90: 4 | K90: {=_xlfn.ANCHORARRAY(G90)} -> Epoch | L90: 4 | O90: {=_xlfn.ANCHORARRAY(K90)} -> Epoch | P90: 4 | S90: {=_xlfn.ANCHORARRAY(O90)} -> Epoch | T90: 4 | W90: {=_xlfn.ANCHORARRAY(S90)} -> Epoch | X90: 4 | AA90: {=_xlfn.ANCHORARRAY(W90)} -> Epoch | AB90: 4 | AE90: {=_xlfn.ANCHORARRAY(AA90)} -> Epoch | AF90: 4 | AI90: {=_xlfn.ANCHORARRAY(AE90)} -> Epoch | AJ90: 4 | AM90: {=_xlfn.ANCHORARRAY(AI90)} -> Epoch | AN90: 4 | AQ90: {=_xlfn.ANCHORARRAY(AM90)} -> Epoch | AR90: 4 | AU90: {=_xlfn.ANCHORARRAY(AQ90)} -> Epoch | AV90: 4 | AY90: {=_xlfn.ANCHORARRAY(AU90)} -> Epoch | AZ90: 4
G92: 1 | H92: 2 | I92: 3 | J92: 4 | K92: 5 | L92: 6 | M92: 7 | N92: 8 | O92: 9 | P92: 10 | Q92: 11 | R92: 12 | S92: 13 | T92: 14 | U92: 15 | V92: 16 | W92: 17 | X92: 18 | Y92: 19 | Z92: 20
F93: 1 | G93: {=OFFSET('Dataset-Tumor'!D5, 24*(E94-1), 20*(E95-1), 24, 20)} -> 0 | H93: 0 | I93: 0 | J93: 0 | K93: 0 | L93: 0 | M93: 0 | N93: 0 | O93: 0 | P93: 0 | Q93: 0 | R93: 0 | S93: 0 | T93: 0 | U93: 0 | V93: 0 | W93: 0 | X93: 0 | Y93: 0 | Z93: 0
D94: Class # | E94: 2 | F94: 2 | G94: 0 | H94: 1 | I94: 2 | J94: 2 | K94: 2 | L94: 2 | M94: 2 | N94: 2 | O94: 2 | P94: 2 | Q94: 2 | R94: 2 | S94: 2 | T94: 2 | U94: 2 | V94: 2 | W94: 2 | X94: 2 | Y94: 2 | Z94: 0
D95: Sample # | E95: 4 | F95: 3 | G95: 0 | H95: 2 | I95: 2 | J95: 2 | K95: 2 | L95: 2 | M95: 2 | N95: 2 | O95: 2 | P95: 0 | Q95: 0 | R95: 1 | S95: 2 | T95: 2 | U95: 2 | V95: 2 | W95: 2 | X95: 2 | Y95: 2 | Z95: 0
F96: 4 | G96: 0 | H96: 2 | I96: 2 | J96: 2 | K96: 3 | L96: 3 | M96: 0 | N96: 0 | O96: 10 | P96: 29 | Q96: 33 | R96: 17 | S96: 0 | T96: 0 | U96: 3 | V96: 2 | W96: 2 | X96: 2 | Y96: 2 | Z96: 0
E97: OHE | F97: 5 | G97: 0 | H97: 2 | I97: 3 | J97: 3 | K97: 3 | L97: 0 | M97: 24 | N97: 85 | O97: 116 | P97: 118 | Q97: 122 | R97: 125 | S97: 95 | T97: 27 | U97: 0 | V97: 3 | W97: 2 | X97: 3 | Y97: 2 | Z97: 0
D98: Glioma | E98: {=TRANSPOSE(IF(_xlfn.SEQUENCE(1, COUNT([0]!Classes),1,1)=E94,1,0))} -> 0 | F98: 6 | G98: 0 | H98: 2 | I98: 3 | J98: 3 | K98: 0 | L98: 52 | M98: 125 | N98: 109 | O98: 73 | P98: 60 | Q98: 65 | R98: 67 | S98: 88 | T98: 121 | U98: 56 | V98: 0 | W98: 2 | X98: 3 | Y98: 2 | Z98: 0
D99: Meningioma | E99: 1 | F99: 7 | G99: 0 | H99: 3 | I99: 3 | J99: 0 | K99: 44 | L99: 109 | M99: 78 | N99: 66 | O99: 67 | P99: 74 | Q99: 72 | R99: 68 | S99: 55 | T99: 70 | U99: 107 | V99: 59 | W99: 1 | X99: 3 | Y99: 3 | Z99: 0
D100: No tumor | E100: 0 | F100: 8 | G100: 1 | H100: 3 | I100: 2 | J100: 14 | K100: 105 | L100: 79 | M100: 71 | N100: 77 | O100: 84 | P100: 78 | Q100: 74 | R100: 70 | S100: 83 | T100: 98 | U100: 70 | V100: 83 | W100: 34 | X100: 0 | Y100: 3 | Z100: 1 | AE100: X | AI100: X: Normalized | AM100: X: Flatten
D101: Pituitary | E101: 0 | F101: 9 | G101: 1 | H101: 3 | I101: 0 | J101: 68 | K101: 94 | L101: 66 | M101: 77 | N101: 86 | O101: 86 | P101: 72 | Q101: 77 | R101: 103 | S101: 105 | T101: 96 | U101: 96 | V101: 67 | W101: 71 | X101: 4 | Y101: 3 | Z101: 1 | AE101: {=OFFSET(G93,$AE$10-1,$AE$11-1,3,3)} -> 85 | AF101: 81 | AG101: 83 | AI101: {=ROUND((_xlfn.ANCHORARRAY(AE101)-127.5)/127.5,2)} -> -0.33 | AJ101: -0.36 | AK101: -0.35 | AM101: {=ROUND(_xlfn.TOCOL(_xlfn.ANCHORARRAY(AI101)),2)} -> -0.33
F102: 10 | G102: 1 | H102: 2 | I102: 11 | J102: 107 | K102: 72 | L102: 81 | M102: 84 | N102: 87 | O102: 89 | P102: 75 | Q102: 82 | R102: 115 | S102: 95 | T102: 94 | U102: 97 | V102: 73 | W102: 87 | X102: 27 | Y102: 1 | Z102: 1 | AE102: 84 | AF102: 78 | AG102: 76 | AI102: -0.34 | AJ102: -0.39 | AK102: -0.4 | AM102: -0.36
F103: 11 | G103: 1 | H103: 0 | I103: 37 | J103: 97 | K103: 72 | L103: 81 | M103: 89 | N103: 91 | O103: 85 | P103: 76 | Q103: 86 | R103: 114 | S103: 92 | T103: 92 | U103: 94 | V103: 91 | W103: 85 | X103: 61 | Y103: 0 | Z103: 1 | AE103: 82 | AF103: 80 | AG103: 77 | AI103: -0.36 | AJ103: -0.37 | AK103: -0.4 | AM103: -0.35
F104: 12 | G104: 1 | H104: 0 | I104: 57 | J104: 85 | K104: 76 | L104: 93 | M104: 94 | N104: 84 | O104: 62 | P104: 82 | Q104: 80 | R104: 115 | S104: 109 | T104: 101 | U104: 100 | V104: 85 | W104: 68 | X104: 79 | Y104: 2 | Z104: 1 | AM104: -0.34
F105: 13 | G105: 1 | H105: 0 | I105: 58 | J105: 87 | K105: 70 | L105: 86 | M105: 97 | N105: 68 | O105: 44 | P105: 85 | Q105: 76 | R105: 80 | S105: 85 | T105: 91 | U105: 81 | V105: 67 | W105: 64 | X105: 85 | Y105: 4 | Z105: 1 | AM105: -0.39
F106: 14 | G106: 1 | H106: 0 | I106: 48 | J106: 102 | K106: 74 | L106: 87 | M106: 96 | N106: 49 | O106: 52 | P106: 89 | Q106: 79 | R106: 84 | S106: 80 | T106: 78 | U106: 77 | V106: 71 | W106: 69 | X106: 83 | Y106: 1 | Z106: 1 | AM106: -0.4
F107: 15 | G107: 1 | H107: 0 | I107: 26 | J107: 114 | K107: 71 | L107: 80 | M107: 91 | N107: 78 | O107: 87 | P107: 87 | Q107: 79 | R107: 87 | S107: 88 | T107: 86 | U107: 84 | V107: 73 | W107: 92 | X107: 75 | Y107: 0 | Z107: 1 | AM107: -0.36
F108: 16 | G108: 1 | H108: 2 | I108: 4 | J108: 112 | K108: 78 | L108: 75 | M108: 85 | N108: 92 | O108: 87 | P108: 82 | Q108: 80 | R108: 85 | S108: 88 | T108: 84 | U108: 79 | V108: 70 | W108: 119 | X108: 33 | Y108: 0 | Z108: 1 | AM108: -0.37
F109: 17 | G109: 0 | H109: 2 | I109: 0 | J109: 74 | K109: 119 | L109: 72 | M109: 82 | N109: 87 | O109: 83 | P109: 81 | Q109: 81 | R109: 85 | S109: 81 | T109: 83 | U109: 72 | V109: 95 | W109: 116 | X109: 2 | Y109: 2 | Z109: 1 | AM109: -0.4 | AU109: Xᵀ
F110: 18 | G110: 0 | H110: 2 | I110: 1 | J110: 14 | K110: 136 | L110: 83 | M110: 72 | N110: 81 | O110: 81 | P110: 78 | Q110: 80 | R110: 84 | S110: 78 | T110: 76 | U110: 75 | V110: 139 | W110: 41 | X110: 0 | Y110: 3 | Z110: 1 | AM110: 1 | AU110: {=TRANSPOSE(AM101:AM110)} -> -0.33 | AV110: -0.36 | AW110: -0.35 | AX110: -0.34 | AY110: -0.39 | AZ110: -0.4 | BA110: -0.36 | BB110: -0.37 | BC110: -0.4 | BD110: 1
...

Sheet Extra

Sheet Sheet1
A1: Focus of term Neural Nets (in Perceptron)
A2: Focus on loss
A3: Loss graph
A4: Multilayer
